-- phpMyAdmin SQL Dump
-- version 5.2.0
-- https://www.phpmyadmin.net/
--
-- Host: 127.0.0.1
-- Generation Time: Oct 29, 2022 at 09:57 PM
-- Server version: 10.4.25-MariaDB
-- PHP Version: 7.4.30

SET SQL_MODE = "NO_AUTO_VALUE_ON_ZERO";
START TRANSACTION;
SET time_zone = "+00:00";


/*!40101 SET @OLD_CHARACTER_SET_CLIENT=@@CHARACTER_SET_CLIENT */;
/*!40101 SET @OLD_CHARACTER_SET_RESULTS=@@CHARACTER_SET_RESULTS */;
/*!40101 SET @OLD_COLLATION_CONNECTION=@@COLLATION_CONNECTION */;
/*!40101 SET NAMES utf8mb4 */;

--
-- Database: `smatadikamesra`
--

-- --------------------------------------------------------

--
-- Table structure for table `b_jurusan`
--

CREATE TABLE `b_jurusan` (
  `kd_jurusan` varchar(20) NOT NULL,
  `jurusan` varchar(50) NOT NULL
) ENGINE=InnoDB DEFAULT CHARSET=utf8mb4;

--
-- Dumping data for table `b_jurusan`
--

INSERT INTO `b_jurusan` (`kd_jurusan`, `jurusan`) VALUES
('JRS-1', 'IPA'),
('JRS-2', 'IPS'),
('JRS-3', 'Takhassus');

-- --------------------------------------------------------

--
-- Table structure for table `b_kelas`
--

CREATE TABLE `b_kelas` (
  `kd_kelas` varchar(20) NOT NULL,
  `kelas` varchar(50) NOT NULL
) ENGINE=InnoDB DEFAULT CHARSET=utf8mb4;

--
-- Dumping data for table `b_kelas`
--

INSERT INTO `b_kelas` (`kd_kelas`, `kelas`) VALUES
('KLS-1', '1 (Satu)'),
('KLS-2', '2 (Dua)'),
('KLS-3', '3 (Tiga)');

-- --------------------------------------------------------

--
-- Table structure for table `b_mapel`
--

CREATE TABLE `b_mapel` (
  `kd_mapel` varchar(20) NOT NULL,
  `mapel` varchar(50) NOT NULL
) ENGINE=InnoDB DEFAULT CHARSET=utf8mb4;

--
-- Dumping data for table `b_mapel`
--

INSERT INTO `b_mapel` (`kd_mapel`, `mapel`) VALUES
('BI1', 'Bahasa Indonesia Kelas 1'),
('BI2', 'Bahasa Indonesia Kelas 2'),
('BI3', 'Bahasa Indonesia Kelas 3'),
('BING1', 'Bahasa Ingris Kelas 1'),
('BING2', 'Bahasa Ingris Kelas 2'),
('BING3', 'Bahasa Ingris Kelas 3'),
('MTK1', 'Matematika Kelas 1'),
('MTK2', 'Matematika Kelas 2'),
('MTK3', 'Matematika Kelas 3'),
('SJR1', 'Sejarah Kelas 1'),
('SJR2', 'Sejarah Kelas 2');

-- --------------------------------------------------------

--
-- Table structure for table `b_nilai`
--

CREATE TABLE `b_nilai` (
  `id` int(11) NOT NULL,
  `nis` varchar(16) NOT NULL,
  `kd_mapel` varchar(30) NOT NULL,
  `kd_semester` varchar(20) NOT NULL,
  `tugas` int(11) NOT NULL,
  `uts` int(11) NOT NULL,
  `uas` int(11) NOT NULL
) ENGINE=InnoDB DEFAULT CHARSET=utf8mb4;

--
-- Dumping data for table `b_nilai`
--

INSERT INTO `b_nilai` (`id`, `nis`, `kd_mapel`, `kd_semester`, `tugas`, `uts`, `uas`) VALUES
(1, '123450', 'BING3', 'SMT-3', 0, 45, 78),
(2, '123450', 'BI1', 'SMT-1', 0, 45, 45),
(3, '123450', 'BING2', 'SMT-2', 0, 45, 78);

-- --------------------------------------------------------

--
-- Table structure for table `b_nilai_tugas`
--

CREATE TABLE `b_nilai_tugas` (
  `id` int(11) NOT NULL,
  `nis` varchar(16) NOT NULL,
  `kd_mapel` varchar(16) NOT NULL,
  `kd_semester` varchar(16) NOT NULL,
  `tugas_1` int(11) NOT NULL,
  `tugas_2` int(11) NOT NULL,
  `tugas_3` int(11) NOT NULL,
  `tugas_4` int(11) NOT NULL,
  `tugas_5` int(11) NOT NULL,
  `tugas` int(16) NOT NULL
) ENGINE=InnoDB DEFAULT CHARSET=utf8mb4;

--
-- Dumping data for table `b_nilai_tugas`
--

INSERT INTO `b_nilai_tugas` (`id`, `nis`, `kd_mapel`, `kd_semester`, `tugas_1`, `tugas_2`, `tugas_3`, `tugas_4`, `tugas_5`, `tugas`) VALUES
(1, '123452', 'BI1', 'SMT-1', 80, 0, 0, 0, 0, 0),
(4, '123450', 'BING3', 'SMT-6', 80, 0, 0, 0, 0, 0);

-- --------------------------------------------------------

--
-- Table structure for table `b_orangtua`
--

CREATE TABLE `b_orangtua` (
  `id` int(11) NOT NULL,
  `nis` varchar(16) NOT NULL,
  `nama_ayah` varchar(50) NOT NULL,
  `status_ayah` varchar(50) NOT NULL,
  `pendidikan_ayah` varchar(50) NOT NULL,
  `pekerjaan_ayah` varchar(50) NOT NULL,
  `penghasilan_ayah` varchar(50) NOT NULL,
  `telp_ayah` varchar(15) NOT NULL,
  `email_ayah` varchar(35) NOT NULL,
  `nama_ibu` varchar(50) NOT NULL,
  `status_ibu` varchar(30) NOT NULL,
  `pekerjaan_ibu` varchar(50) NOT NULL,
  `pendidikan_ibu` varchar(50) NOT NULL,
  `penghasilan_ibu` varchar(50) NOT NULL,
  `telp_ibu` varchar(15) NOT NULL,
  `email_ibu` varchar(35) NOT NULL,
  `nama_wali` varchar(50) NOT NULL,
  `status_wali` varchar(50) NOT NULL,
  `pendidikan_wali` varchar(50) NOT NULL,
  `pekerjaan_wali` varchar(50) NOT NULL,
  `penghasilan_wali` varchar(50) NOT NULL,
  `telp_wali` varchar(15) NOT NULL,
  `email_wali` varchar(35) NOT NULL,
  `alamat_orangtua` varchar(50) NOT NULL,
  `kel_orangtua` varchar(50) NOT NULL,
  `kec_orangtua` varchar(50) NOT NULL,
  `kab_orangtua` varchar(50) NOT NULL,
  `prov_orangtua` varchar(50) NOT NULL,
  `negara_orangtua` varchar(50) NOT NULL,
  `kodepos_orangtua` int(5) NOT NULL
) ENGINE=InnoDB DEFAULT CHARSET=utf8mb4;

--
-- Dumping data for table `b_orangtua`
--

INSERT INTO `b_orangtua` (`id`, `nis`, `nama_ayah`, `status_ayah`, `pendidikan_ayah`, `pekerjaan_ayah`, `penghasilan_ayah`, `telp_ayah`, `email_ayah`, `nama_ibu`, `status_ibu`, `pekerjaan_ibu`, `pendidikan_ibu`, `penghasilan_ibu`, `telp_ibu`, `email_ibu`, `nama_wali`, `status_wali`, `pendidikan_wali`, `pekerjaan_wali`, `penghasilan_wali`, `telp_wali`, `email_wali`, `alamat_orangtua`, `kel_orangtua`, `kec_orangtua`, `kab_orangtua`, `prov_orangtua`, `negara_orangtua`, `kodepos_orangtua`) VALUES
(1, '123450', 'Nasir', 'Hidup', 'SLTP/Sederajat', 'Petani/Pekebun', 'Rp. 1.000.000 - Rp. 2.500.000', '08973827387', 'nasir@gmail.com', 'Tuyah', 'Hidup', 'Mengurus Rumah Tangga', 'Tamat SD/Sederajat', 'Rp. 0 - Rp. 500.000', '08986376283', 'tuyah@gmail.com', 'Meli', 'Hidup', 'Diploma IV/Strata I', 'Pegawai Negeri Sipil', 'Rp. 2.500.000 - Rp. 5.000.000', '08982862873', 'meli@gmail.com', 'Dusun Karya Mulia', 'Teluk Batang Utara', 'Teluk Batang', 'Kayong Utara', 'Kalimantan Barat', 'Indonesia', 12345),
(2, '123451', '', '', '', '', '', '', '', '', '', '', '', '', '', '', '', '', '', '', '', '', '', '', '', '', '', '', '', 0),
(3, '123452', '', '', '', '', '', '', '', '', '', '', '', '', '', '', '', '', '', '', '', '', '', '', '', '', '', '', '', 0),
(4, '123453', 'Mark', 'Hidup', 'Tamat SD/Sederajat', 'Pegawai Negeri Sipil', 'Di atas Rp. 10.000.000', '1251234124123', 'mark@gmail.com', 'Lupi', 'Hidup', 'Pegawai Negeri Sipil', 'Tamat SD/Sederajat', 'Di atas Rp. 10.000.000', '2131241212312', 'lupi@gmail.com', '', '', '', '', '', '', '', 'pwt', 'pwt', 'Purwokerto Timur', 'Banyumas', 'Jawa Tengah', 'Indonesia', 21312),
(5, '123455', '', '', '', '', '', '', '', '', '', '', '', '', '', '', '', '', '', '', '', '', '', '', '', '', '', '', '', 0),
(6, '20541057', 'Bill Gates', 'Hidup', 'Tamat SD/Sederajat', 'Pegawai Negeri Sipil', 'Di atas Rp. 10.000.000', '1251234124123', 'billgates@gmail.com', 'Lesti Binar', 'Hidup', 'Pensiunan', 'Tamat SD/Sederajat', 'Di atas Rp. 10.000.000', '927583758394', 'binarlesti@gmail.com', '', '', '', '', '', '', '', '', '', '', '', '', '', 0);

-- --------------------------------------------------------

--
-- Table structure for table `b_semester`
--

CREATE TABLE `b_semester` (
  `kd_semester` varchar(20) NOT NULL,
  `semester` varchar(30) NOT NULL
) ENGINE=InnoDB DEFAULT CHARSET=utf8mb4;

--
-- Dumping data for table `b_semester`
--

INSERT INTO `b_semester` (`kd_semester`, `semester`) VALUES
('SMT-1', '1 (Satu)'),
('SMT-2', '2 (Dua)'),
('SMT-3', '3 (Tiga)'),
('SMT-4', '4 (Empat)'),
('SMT-5', '5 (Lima)'),
('SMT-6', '6 (Enam)');

-- --------------------------------------------------------

--
-- Table structure for table `b_siswa`
--

CREATE TABLE `b_siswa` (
  `nis` varchar(16) NOT NULL,
  `nisn` varchar(16) NOT NULL,
  `kd_kelas` varchar(20) NOT NULL,
  `kd_jurusan` varchar(20) NOT NULL,
  `kd_status_masuk` varchar(20) NOT NULL,
  `kd_status_siswa` varchar(20) NOT NULL,
  `tgl_daftar` date NOT NULL,
  `foto` text NOT NULL,
  `nama` varchar(50) NOT NULL,
  `nik` varchar(16) NOT NULL,
  `jk` enum('L','P') NOT NULL,
  `tmp_lhr` varchar(50) NOT NULL,
  `tgl_lhr` date NOT NULL,
  `golda` varchar(10) NOT NULL,
  `agama` varchar(30) NOT NULL,
  `alamat` varchar(50) NOT NULL,
  `kel` varchar(50) NOT NULL,
  `kec` varchar(50) NOT NULL,
  `kab` varchar(50) NOT NULL,
  `prov` varchar(50) NOT NULL,
  `negara` varchar(50) NOT NULL,
  `kodepos` int(5) NOT NULL,
  `telp` varchar(15) NOT NULL,
  `email` varchar(35) NOT NULL
) ENGINE=InnoDB DEFAULT CHARSET=utf8mb4;

--
-- Dumping data for table `b_siswa`
--

INSERT INTO `b_siswa` (`nis`, `nisn`, `kd_kelas`, `kd_jurusan`, `kd_status_masuk`, `kd_status_siswa`, `tgl_daftar`, `foto`, `nama`, `nik`, `jk`, `tmp_lhr`, `tgl_lhr`, `golda`, `agama`, `alamat`, `kel`, `kec`, `kab`, `prov`, `negara`, `kodepos`, `telp`, `email`) VALUES
('123450', '1234567850', 'KLS-3', 'JRS-2', 'SM-Sisba', 'SS-Aktif', '2022-09-25', 'img.jpg', 'ari lk', '1234567890123450', 'L', 'ketapang', '1998-12-25', 'A+', 'Islam', 'dusun karya mulia', 'teluk batang utara', 'Teluk Batang', 'Kayong Utara', 'Kalimantan Barat', 'Indonesia', 12345, '08983827208', 'ariktppc@gmail.com'),
('123451', '1234567851', 'KLS-2', 'JRS-2', 'SM-Sisba', 'SS-Aktif', '2022-09-26', 'default.png', 'cici safitri', '1234567890123451', 'P', 'ketapang', '2001-01-02', 'Tidak Tahu', 'Islam', 'jl. ahmad yani 2', 'bansir darat', 'Pontianak Tenggara', 'Pontianak', 'Kalimantan Barat', 'Indonesia', 12345, '08726826812', 'cici@gmail.com'),
('123452', '1234567852', 'KLS-1', 'JRS-1', 'SM-Sisba', 'SS-Aktif', '2022-09-15', 'default.png', 'Suhanadi', '1234567890123452', 'L', 'Padu Banjar', '1991-08-02', 'B-', 'Islam', 'padu banjar', 'teluk batang selatan', 'Teluk Batang', 'Kayong Utara', 'Kalimantan Barat', 'Indonesia', 0, '', ''),
('123453', '1234567853', 'KLS-3', 'JRS-2', 'SM-Sisba', 'SS-Aktif', '2022-09-26', 'sayu.jpg', 'Tata Mahtera', '1234567890123453', 'P', 'sanggau', '2002-01-08', 'Tidak Tahu', 'Islam', 'sanggau', 'sanggau', 'Sanggau Ledo', 'Sanggau', 'Kalimantan Barat', 'Indonesia', 53353, '', ''),
('123455', '1234567855', 'KLS-2', 'JRS-2', 'SM-Sispin', 'SS-Aktif', '2022-09-05', 'default.png', 'Tandi', '1234567890123455', 'L', 'surabaya', '2005-05-03', 'O-', 'Khatolik', 'supdaio', 'pontianak', 'Pontianak Barat', 'Pontianak', 'Kalimantan Barat', 'indo', 0, '', ''),
('20541057', '2054105721312312', 'KLS-3', 'JRS-1', 'SM-Sispin', 'SS-Aktif', '2022-10-08', 'default.png', 'Arief Nursoleh', '3304037403940683', 'L', 'Purbalingga', '2001-10-18', 'O+', 'Islam', 'Karangduren', 'Karangduren', 'Bobotsari', 'Purbalingga', 'Jawa Tengah', 'Indonesia', 53353, '0895328580761', 'trendykumprunk01@gmail.com');

-- --------------------------------------------------------

--
-- Table structure for table `b_siswa2`
--

CREATE TABLE `b_siswa2` (
  `id` int(11) NOT NULL,
  `nis` varchar(16) NOT NULL,
  `asal_sekolah` varchar(50) NOT NULL,
  `no_skhu` varchar(50) NOT NULL,
  `no_ijazah` varchar(50) NOT NULL,
  `nilai_un` int(5) NOT NULL,
  `pindah_dari_sekolah` varchar(50) NOT NULL,
  `tgl_pindah` date NOT NULL,
  `alasan_pindah` varchar(50) NOT NULL
) ENGINE=InnoDB DEFAULT CHARSET=utf8mb4;

--
-- Dumping data for table `b_siswa2`
--

INSERT INTO `b_siswa2` (`id`, `nis`, `asal_sekolah`, `no_skhu`, `no_ijazah`, `nilai_un`, `pindah_dari_sekolah`, `tgl_pindah`, `alasan_pindah`) VALUES
(1, '123450', 'SMP Negeri 01 Teluk Batang', '-', '-', 70, '-', '0000-00-00', '-'),
(2, '123451', '', '', '', 0, '', '0000-00-00', ''),
(3, '123452', '', '', '', 0, '', '0000-00-00', ''),
(4, '123453', '', '', '', 0, '', '0000-00-00', ''),
(5, '123455', '', '', '', 0, '', '0000-00-00', ''),
(6, '20541057', 'SMKN 1 Purbalingga', 'lupa', 'lupa', 10, 'SMKN 1 Purbalingga', '2022-10-08', 'males');

-- --------------------------------------------------------

--
-- Table structure for table `b_status_masuk`
--

CREATE TABLE `b_status_masuk` (
  `kd_status_masuk` varchar(20) NOT NULL,
  `status_masuk` varchar(50) NOT NULL
) ENGINE=InnoDB DEFAULT CHARSET=utf8mb4;

--
-- Dumping data for table `b_status_masuk`
--

INSERT INTO `b_status_masuk` (`kd_status_masuk`, `status_masuk`) VALUES
('SM-Sisba', 'Siswa Baru'),
('SM-Sispin', 'Siswa Pindahan');

-- --------------------------------------------------------

--
-- Table structure for table `b_status_siswa`
--

CREATE TABLE `b_status_siswa` (
  `kd_status_siswa` varchar(20) NOT NULL,
  `status_siswa` varchar(30) NOT NULL
) ENGINE=InnoDB DEFAULT CHARSET=utf8mb4;

--
-- Dumping data for table `b_status_siswa`
--

INSERT INTO `b_status_siswa` (`kd_status_siswa`, `status_siswa`) VALUES
('SS-Aktif', 'Siswa Aktif'),
('SS-Alumni', 'Alumni'),
('SS-Cuti', 'Cuti'),
('SS-Pindah', 'Pindah');

-- --------------------------------------------------------

--
-- Table structure for table `b_tagihan`
--

CREATE TABLE `b_tagihan` (
  `id` int(11) NOT NULL,
  `nis` varchar(16) NOT NULL,
  `bulan` date NOT NULL,
  `jml_tagihan` int(30) NOT NULL,
  `status_kode` int(11) NOT NULL,
  `order_id` varchar(50) NOT NULL,
  `transaksi_id` text NOT NULL,
  `jumlah` int(30) NOT NULL,
  `tipe_transaksi` varchar(50) NOT NULL,
  `wkt_transaksi` varchar(50) NOT NULL,
  `wkt_kadaluarsa` varchar(50) NOT NULL,
  `bank` varchar(50) NOT NULL,
  `va_numbers` varchar(50) NOT NULL,
  `biller_code` varchar(50) NOT NULL,
  `pdf_url` text NOT NULL,
  `telp` varchar(15) NOT NULL,
  `email` varchar(30) NOT NULL,
  `penerima` varchar(50) NOT NULL,
  `catatan` varchar(50) NOT NULL
) ENGINE=InnoDB DEFAULT CHARSET=utf8mb4;

--
-- Dumping data for table `b_tagihan`
--

INSERT INTO `b_tagihan` (`id`, `nis`, `bulan`, `jml_tagihan`, `status_kode`, `order_id`, `transaksi_id`, `jumlah`, `tipe_transaksi`, `wkt_transaksi`, `wkt_kadaluarsa`, `bank`, `va_numbers`, `biller_code`, `pdf_url`, `telp`, `email`, `penerima`, `catatan`) VALUES
(7, '123450', '2022-09-01', 900000, 0, '', '', 0, '', '', '', '', '', '', '', '', '', '', ''),
(8, '123450', '2022-08-01', 800000, 0, '', '', 0, '', '', '', '', '', '', '', '', '', '', ''),
(9, '123450', '2022-02-01', 700000, 201, '1949604816', '2768bcc4-f3aa-4624-bb86-a5b76d8489be', 700000, 'qris', '2022-09-27 05:49:56', '2022-09-27 05:49:56', 'ShopeePay', '', '', '', '', '', 'system midtrans', ''),
(10, '123450', '2022-05-01', 500000, 0, '', '', 0, '', '', '', '', '', '', '', '', '', '', ''),
(11, '123450', '2022-04-01', 400000, 0, '', '', 0, '', '', '', '', '', '', '', '', '', '', ''),
(12, '123451', '2022-01-01', 100000, 0, '', '', 0, '', '', '', '', '', '', '', '', '', '', ''),
(13, '123455', '2022-01-01', 1000000, 0, '', '', 0, '', '', '', '', '', '', '', '', '', '', ''),
(14, '123451', '2022-02-01', 200000, 0, '', '', 0, '', '', '', '', '', '', '', '', '', '', ''),
(15, '123451', '2022-03-01', 300000, 0, '', '', 0, '', '', '', '', '', '', '', '', '', '', ''),
(16, '123451', '2022-04-01', 400000, 0, '', '', 0, '', '', '', '', '', '', '', '', '', '', ''),
(17, '123451', '2022-05-01', 500000, 0, '', '', 0, '', '', '', '', '', '', '', '', '', '', ''),
(18, '123451', '2022-06-01', 600000, 0, '', '', 0, '', '', '', '', '', '', '', '', '', '', ''),
(19, '123451', '2022-07-01', 700000, 0, '', '', 0, '', '', '', '', '', '', '', '', '', '', ''),
(20, '123451', '2022-08-01', 800000, 0, '', '', 0, '', '', '', '', '', '', '', '', '', '', ''),
(21, '123451', '2022-09-01', 900000, 0, '', '', 0, '', '', '', '', '', '', '', '', '', '', ''),
(22, '123452', '2022-01-01', 100000, 0, '', '', 0, '', '', '', '', '', '', '', '', '', '', ''),
(23, '123452', '2022-02-01', 100000, 0, '', '', 0, '', '', '', '', '', '', '', '', '', '', ''),
(24, '123452', '2022-03-01', 100000, 0, '', '', 0, '', '', '', '', '', '', '', '', '', '', ''),
(25, '123452', '2022-04-01', 100000, 0, '', '', 0, '', '', '', '', '', '', '', '', '', '', ''),
(26, '123452', '2022-05-01', 100000, 0, '', '', 0, '', '', '', '', '', '', '', '', '', '', ''),
(27, '123453', '2022-01-01', 100000, 0, '', '', 0, '', '', '', '', '', '', '', '', '', '', ''),
(28, '123455', '2022-02-01', 100000, 0, '', '', 0, '', '', '', '', '', '', '', '', '', '', ''),
(29, '123453', '2022-02-01', 100000, 0, '', '', 0, '', '', '', '', '', '', '', '', '', '', ''),
(30, '123455', '2022-03-01', 100000, 0, '', '', 0, '', '', '', '', '', '', '', '', '', '', ''),
(31, '123452', '2022-06-01', 100000, 0, '', '', 0, '', '', '', '', '', '', '', '', '', '', ''),
(32, '123451', '2022-10-01', 100000, 0, '', '', 0, '', '', '', '', '', '', '', '', '', '', ''),
(33, '123453', '2022-03-01', 100000, 0, '', '', 0, '', '', '', '', '', '', '', '', '', '', ''),
(34, '123450', '2022-03-01', 300000, 0, '', '', 0, '', '', '', '', '', '', '', '', '', '', ''),
(35, '123452', '2022-07-01', 100000, 0, '', '', 0, '', '', '', '', '', '', '', '', '', '', ''),
(36, '123450', '2022-01-01', 200000, 0, '', '', 0, '', '', '', '', '', '', '', '', '', '', ''),
(37, '123452', '2021-07-01', 800000, 0, '', '', 0, '', '', '', '', '', '', '', '', '', '', '');

-- --------------------------------------------------------

--
-- Table structure for table `c_golongan`
--

CREATE TABLE `c_golongan` (
  `id` int(11) NOT NULL,
  `golongan` varchar(50) NOT NULL
) ENGINE=InnoDB DEFAULT CHARSET=utf8mb4;

--
-- Dumping data for table `c_golongan`
--

INSERT INTO `c_golongan` (`id`, `golongan`) VALUES
(0, '-'),
(1, 'II/a'),
(2, 'II/b'),
(3, 'II/c'),
(4, 'II/d'),
(5, 'III/a'),
(6, 'III/b'),
(7, 'III/c'),
(8, 'III/d'),
(9, 'IV/a'),
(10, 'IV/b'),
(11, 'IV/c'),
(12, 'IV/d'),
(13, 'IV/e');

-- --------------------------------------------------------

--
-- Table structure for table `c_guru`
--

CREATE TABLE `c_guru` (
  `id` int(11) NOT NULL,
  `nama` varchar(50) NOT NULL,
  `nip` varchar(50) NOT NULL,
  `nik` varchar(16) NOT NULL,
  `jk` enum('L','P') NOT NULL,
  `telp` varchar(15) NOT NULL,
  `email` varchar(30) NOT NULL,
  `status_id` int(11) NOT NULL,
  `golongan_id` int(11) NOT NULL,
  `guru_kelas` varchar(155) NOT NULL,
  `guru_mapel` varchar(155) NOT NULL,
  `tmp_lahir` varchar(50) NOT NULL,
  `tgl_lahir` date DEFAULT NULL,
  `golda` varchar(10) NOT NULL,
  `agama` varchar(50) NOT NULL,
  `alamat` varchar(50) NOT NULL,
  `kel` varchar(50) NOT NULL,
  `kec` varchar(50) NOT NULL,
  `kab` varchar(50) NOT NULL,
  `prov` varchar(50) NOT NULL,
  `negara` varchar(50) NOT NULL,
  `kodepos` int(5) NOT NULL,
  `tgl_daftar` date DEFAULT NULL,
  `foto` varchar(200) NOT NULL
) ENGINE=InnoDB DEFAULT CHARSET=utf8mb4;

--
-- Dumping data for table `c_guru`
--

INSERT INTO `c_guru` (`id`, `nama`, `nip`, `nik`, `jk`, `telp`, `email`, `status_id`, `golongan_id`, `guru_kelas`, `guru_mapel`, `tmp_lahir`, `tgl_lahir`, `golda`, `agama`, `alamat`, `kel`, `kec`, `kab`, `prov`, `negara`, `kodepos`, `tgl_daftar`, `foto`) VALUES
(5, 'Meli Arliyah S.Pd', '1982736490', '-', 'P', '089827167197', 'meli@gmail.com', 1, 4, 'KLS-1', 'BI2', '', NULL, '', '', '', '', '', '', '', '', 0, NULL, 'default.png'),
(6, 'Mesi Fitri Ninggsih S.Pd', '8263719837495', '-', 'P', '086384659176', 'mesi@gmail.com', 3, 0, 'KLS-1', 'BI2', '', NULL, '', '', '', '', '', '', '', '', 0, NULL, 'default.png'),
(7, 'Joko Anwar', '', '-', 'L', '08647198374', 'joko@gmail.com', 2, 0, 'KLS-1', 'BI2', '', NULL, '', '', '', '', '', '', '', '', 0, NULL, 'default.png'),
(8, 'Gilbas', '', '-', 'L', '087364981729', 'gilbas', 2, 0, 'KLS-1', 'BI2', '', NULL, '', '', '', '', '', '', '', '', 0, NULL, 'default.png'),
(11, 'DRH HENDRIYATNO KRISHNA NUGROHO', '12345671', '3303030303030305', 'L', '0895328580761', 'arbangun@gmail.com', 2, 13, 'KLS-1', 'BI2', 'Bobotsari', '2022-10-23', 'AB-', 'Islam', 'Karangduren', 'Karangduren', 'Bobotsari', 'Purbalingga', 'Jawa Tengah', 'Indonesia', 53353, NULL, 'default.png'),
(12, 'Suti', '12345672', '-', 'P', '0895328580762', 'suti@gmail.com', 2, 4, 'KLS-3', 'BI3', 'Purbalingga', '2022-10-23', 'AB+', 'Islam', 'Purwokerto', 'Karangduren', 'Kuta Selatan', 'Denpasar', 'DKI Jakarta', 'Angola', 53353, '2022-10-24', 'default.png'),
(13, 'PRASTOWO ADI', '12345673', '3303030303030303', 'L', '0895328580763', 'uki@gmail.com', 2, 3, 'KLS-2', 'MTK2', 'Bobotsari', '2022-10-21', 'O+', 'Islam', 'Purwokerto', 'Karangduren', 'Mengwi', 'Klungkung', 'Bengkulu', 'Angola', 53353, '2022-10-22', 'default.png'),
(14, 'Arief Nursoleh', '12345674', '3303030303030304', 'L', '0895328580761', 'arief@gmail.com', 1, 13, 'KLS-3', 'BING3', 'Bobotsari', '2022-10-12', 'B+', 'Islam', 'Purwokerto', 'Karangduren', 'Kuta Selatan', 'Karangasem', 'Bangka Belitung', 'Andorra', 53353, '2022-10-21', 'default.png');

-- --------------------------------------------------------

--
-- Table structure for table `c_status`
--

CREATE TABLE `c_status` (
  `id` int(11) NOT NULL,
  `status` varchar(50) NOT NULL
) ENGINE=InnoDB DEFAULT CHARSET=utf8mb4;

--
-- Dumping data for table `c_status`
--

INSERT INTO `c_status` (`id`, `status`) VALUES
(0, '-'),
(1, 'ASN'),
(2, 'Honorer'),
(3, 'P3K');

-- --------------------------------------------------------

--
-- Table structure for table `l_agama`
--

CREATE TABLE `l_agama` (
  `id` int(11) NOT NULL,
  `agama` varchar(50) NOT NULL
) ENGINE=InnoDB DEFAULT CHARSET=utf8mb4;

--
-- Dumping data for table `l_agama`
--

INSERT INTO `l_agama` (`id`, `agama`) VALUES
(1, 'Islam'),
(2, 'Protestan'),
(3, 'Khatolik'),
(4, 'Hindu'),
(5, 'Buddha'),
(6, 'Khonghucu'),
(7, 'Penghayat Kepercayaan');

-- --------------------------------------------------------

--
-- Table structure for table `l_golda`
--

CREATE TABLE `l_golda` (
  `id` int(11) NOT NULL,
  `golda` varchar(50) NOT NULL
) ENGINE=InnoDB DEFAULT CHARSET=utf8mb4;

--
-- Dumping data for table `l_golda`
--

INSERT INTO `l_golda` (`id`, `golda`) VALUES
(1, 'Tidak Tahu'),
(2, 'A+'),
(3, 'B+'),
(4, 'O+'),
(5, 'AB+'),
(6, 'A-'),
(7, 'B-'),
(8, 'O-'),
(9, 'AB-');

-- --------------------------------------------------------

--
-- Table structure for table `l_kabupaten`
--

CREATE TABLE `l_kabupaten` (
  `id` int(11) NOT NULL,
  `kabupaten` varchar(100) DEFAULT NULL
) ENGINE=InnoDB DEFAULT CHARSET=utf8;

--
-- Dumping data for table `l_kabupaten`
--

INSERT INTO `l_kabupaten` (`id`, `kabupaten`) VALUES
(1, 'Badung'),
(2, 'Bangli'),
(3, 'Buleleng'),
(4, 'Denpasar'),
(5, 'Gianyar'),
(6, 'Jembrana'),
(7, 'Karangasem'),
(8, 'Klungkung'),
(9, 'Tabanan'),
(10, 'Bangka'),
(11, 'Bangka Barat'),
(12, 'Bangka Selatan'),
(13, 'Bangka Tengah'),
(14, 'Belitung'),
(15, 'Belitung Timur'),
(16, 'Pangkal Pinang'),
(17, 'Cilegon'),
(18, 'Lebak'),
(19, 'Pandeglang'),
(20, 'Serang'),
(21, 'Serang'),
(22, 'Tangerang'),
(23, 'Tangerang'),
(24, 'Tangerang Selatan'),
(25, 'Bengkulu'),
(26, 'Bengkulu Selatan'),
(27, 'Bengkulu Tengah'),
(28, 'Bengkulu Utara'),
(29, 'Kaur'),
(30, 'Kepahiang'),
(31, 'Lebong'),
(32, 'Muko Muko'),
(33, 'Rejang Lebong'),
(34, 'Seluma'),
(35, 'Bantul'),
(36, 'Gunung Kidul'),
(37, 'Kulon Progo'),
(38, 'Sleman'),
(39, 'Yogyakarta'),
(40, 'Jakarta Barat'),
(41, 'Jakarta Pusat'),
(42, 'Jakarta Selatan'),
(43, 'Jakarta Timur'),
(44, 'Jakarta Utara'),
(45, 'Kepulauan Seribu'),
(46, 'Boalemo'),
(47, 'Bone Bolango'),
(48, 'Gorontalo'),
(49, 'Gorontalo'),
(50, 'Gorontalo Utara'),
(51, 'Pohuwato'),
(52, 'Batang Hari'),
(53, 'Bungo'),
(54, 'Jambi'),
(55, 'Kerinci'),
(56, 'Merangin'),
(57, 'Muaro Jambi'),
(58, 'Sarolangun'),
(59, 'Sungaipenuh'),
(60, 'Tanjung Jabung Barat'),
(61, 'Tanjung Jabung Timur'),
(62, 'Tebo'),
(63, 'Bandung'),
(64, 'Bandung'),
(65, 'Bandung Barat'),
(66, 'Banjar'),
(67, 'Bekasi'),
(68, 'Bekasi'),
(69, 'Bogor'),
(70, 'Bogor'),
(71, 'Ciamis'),
(72, 'Cianjur'),
(73, 'Cimahi'),
(74, 'Cirebon'),
(75, 'Cirebon'),
(76, 'Depok'),
(77, 'Garut'),
(78, 'Indramayu'),
(79, 'Karawang'),
(80, 'Kuningan'),
(81, 'Majalengka'),
(82, 'Pangandaran'),
(83, 'Purwakarta'),
(84, 'Subang'),
(85, 'Sukabumi'),
(86, 'Sukabumi'),
(87, 'Sumedang'),
(88, 'Tasikmalaya'),
(89, 'Tasikmalaya'),
(90, 'Banjarnegara'),
(91, 'Banyumas'),
(92, 'Batang'),
(93, 'Blora'),
(94, 'Boyolali'),
(95, 'Brebes'),
(96, 'Cilacap'),
(97, 'Demak'),
(98, 'Grobogan'),
(99, 'Jepara'),
(100, 'Karanganyar'),
(101, 'Kebumen'),
(102, 'Kendal'),
(103, 'Klaten'),
(104, 'Kudus'),
(105, 'Magelang'),
(106, 'Magelang'),
(107, 'Pati'),
(108, 'Pekalongan'),
(109, 'Pekalongan'),
(110, 'Pemalang'),
(111, 'Purbalingga'),
(112, 'Purworejo'),
(113, 'Rembang'),
(114, 'Salatiga'),
(115, 'Semarang'),
(116, 'Semarang'),
(117, 'Sragen'),
(118, 'Sukoharjo'),
(119, 'Surakarta'),
(120, 'Tegal'),
(121, 'Tegal'),
(122, 'Temanggung'),
(123, 'Wonogiri'),
(124, 'Wonosobo'),
(125, 'Bangkalan'),
(126, 'Banyuwangi'),
(127, 'Batu'),
(128, 'Blitar'),
(129, 'Blitar'),
(130, 'Bojonegoro'),
(131, 'Bondowoso'),
(132, 'Gresik'),
(133, 'Jember'),
(134, 'Jombang'),
(135, 'Kediri'),
(136, 'Kediri'),
(137, 'Lamongan'),
(138, 'Lumajang'),
(139, 'Madiun'),
(140, 'Madiun'),
(141, 'Magetan'),
(142, 'Malang'),
(143, 'Malang'),
(144, 'Mojokerto'),
(145, 'Mojokerto'),
(146, 'Nganjuk'),
(147, 'Ngawi'),
(148, 'Pacitan'),
(149, 'Pamekasan'),
(150, 'Pasuruan'),
(151, 'Pasuruan'),
(152, 'Ponorogo'),
(153, 'Probolinggo'),
(154, 'Probolinggo'),
(155, 'Sampang'),
(156, 'Sidoarjo'),
(157, 'Situbondo'),
(158, 'Sumenep'),
(159, 'Surabaya'),
(160, 'Bengkayang'),
(161, 'Kapuas Hulu'),
(162, 'Kayong Utara'),
(163, 'Ketapang'),
(164, 'Kubu Raya'),
(165, 'Landak'),
(166, 'Melawi'),
(167, 'Mempawah'),
(168, 'Pontianak'),
(169, 'Sambas'),
(170, 'Sanggau'),
(171, 'Sekadau'),
(172, 'Singkawang'),
(173, 'Sintang'),
(174, 'Balangan'),
(175, 'Banjar'),
(176, 'Banjarbaru'),
(177, 'Banjarmasin'),
(178, 'Barito Kuala'),
(179, 'Hulu Sungai Selatan'),
(180, 'Hulu Sungai Tengah'),
(181, 'Hulu Sungai Utara'),
(182, 'Kotabaru'),
(183, 'Tabalong'),
(184, 'Tanah Bumbu'),
(185, 'Tanah Laut'),
(186, 'Tapin'),
(187, 'Barito Selatan'),
(188, 'Barito Timur'),
(189, 'Barito Utara'),
(190, 'Gunung Mas'),
(191, 'Kapuas'),
(192, 'Katingan'),
(193, 'Kotawaringin Barat'),
(194, 'Kotawaringin Timur'),
(195, 'Lamandau'),
(196, 'Murung Raya'),
(197, 'Palangka Raya'),
(198, 'Pulang Pisau'),
(199, 'Seruyan'),
(200, 'Sukamara'),
(201, 'Balikpapan'),
(202, 'Berau'),
(203, 'Bontang'),
(204, 'Kutai Barat'),
(205, 'Kutai Kartanegara'),
(206, 'Kutai Timur'),
(207, 'Mahakam Ulu'),
(208, 'Paser'),
(209, 'Penajam Paser Utara'),
(210, 'Samarinda'),
(211, 'Bulungan'),
(212, 'Malinau'),
(213, 'Nunukan'),
(214, 'Tana Tidung'),
(215, 'Tarakan'),
(216, 'Batam'),
(217, 'Bintan'),
(218, 'Karimun'),
(219, 'Kepulauan Anambas'),
(220, 'Lingga'),
(221, 'Natuna'),
(222, 'Tanjung Pinang'),
(223, 'Bandar Lampung'),
(224, 'Lampung Barat'),
(225, 'Lampung Selatan'),
(226, 'Lampung Tengah'),
(227, 'Lampung Timur'),
(228, 'Lampung Utara'),
(229, 'Mesuji'),
(230, 'Metro'),
(231, 'Pesawaran'),
(232, 'Pesisir Barat'),
(233, 'Pringsewu'),
(234, 'Tanggamus'),
(235, 'Tulang Bawang'),
(236, 'Tulang Bawang Barat'),
(237, 'Way Kanan'),
(238, 'Ambon'),
(239, 'Buru'),
(240, 'Buru Selatan'),
(241, 'Kepulauan Aru'),
(242, 'Maluku Barat Daya'),
(243, 'Maluku Tengah'),
(244, 'Maluku Tenggara'),
(245, 'Maluku Tenggara Barat'),
(246, 'Seram Bagian Barat'),
(247, 'Seram Bagian Timur'),
(248, 'Tual'),
(249, 'Halmahera Barat'),
(250, 'Halmahera Selatan'),
(251, 'Halmahera Tengah'),
(252, 'Halmahera Timur'),
(253, 'Halmahera Utara'),
(254, 'Kepulauan Sula'),
(255, 'Pulau Morotai'),
(256, 'Pulau Taliabu'),
(257, 'Ternate'),
(258, 'Tidore Kepulauan'),
(259, 'Aceh Barat'),
(260, 'Aceh Barat Daya'),
(261, 'Aceh Besar'),
(262, 'Aceh Jaya'),
(263, 'Aceh Selatan'),
(264, 'Aceh Singkil'),
(265, 'Aceh Tamiang'),
(266, 'Aceh Tengah'),
(267, 'Aceh Tenggara'),
(268, 'Aceh Timur'),
(269, 'Aceh Utara'),
(270, 'Banda Aceh'),
(271, 'Bener Meriah'),
(272, 'Bireuen'),
(273, 'Gayo Lues'),
(274, 'Langsa'),
(275, 'Lhokseumawe'),
(276, 'Nagan Raya'),
(277, 'Pidie'),
(278, 'Pidie Jaya'),
(279, 'Sabang'),
(280, 'Simeulue'),
(281, 'Subulussalam'),
(282, 'Bima'),
(283, 'Bima'),
(284, 'Dompu'),
(285, 'Lombok Barat'),
(286, 'Lombok Tengah'),
(287, 'Lombok Timur'),
(288, 'Lombok Utara'),
(289, 'Mataram'),
(290, 'Sumbawa'),
(291, 'Sumbawa Barat'),
(292, 'Alor'),
(293, 'Belu'),
(294, 'Ende'),
(295, 'Flores Timur'),
(296, 'Kupang'),
(297, 'Kupang'),
(298, 'Lembata'),
(299, 'Malaka'),
(300, 'Manggarai'),
(301, 'Manggarai Barat'),
(302, 'Manggarai Timur'),
(303, 'Nagekeo'),
(304, 'Ngada'),
(305, 'Rote Ndao'),
(306, 'Sabu Raijua'),
(307, 'Sikka'),
(308, 'Sumba Barat'),
(309, 'Sumba Barat Daya'),
(310, 'Sumba Tengah'),
(311, 'Sumba Timur'),
(312, 'Timor Tengah Selatan'),
(313, 'Timor Tengah Utara'),
(314, 'Asmat'),
(315, 'Biak Numfor'),
(316, 'Boven Digoel'),
(317, 'Deiyai'),
(318, 'Dogiyai'),
(319, 'Intan Jaya'),
(320, 'Jayapura'),
(321, 'Jayapura'),
(322, 'Jayawijaya'),
(323, 'Keerom'),
(324, 'Kepulauan Yapen'),
(325, 'Lanny Jaya'),
(326, 'Mamberamo Raya'),
(327, 'Mamberamo Tengah'),
(328, 'Mappi'),
(329, 'Merauke'),
(330, 'Mimika'),
(331, 'Nabire'),
(332, 'Nduga'),
(333, 'Paniai'),
(334, 'Pegunungan Bintang'),
(335, 'Puncak'),
(336, 'Puncak Jaya'),
(337, 'Sarmi'),
(338, 'Supiori'),
(339, 'Tolikara'),
(340, 'Waropen'),
(341, 'Yahukimo'),
(342, 'Yalimo'),
(343, 'Fakfak'),
(344, 'Kaimana'),
(345, 'Manokwari'),
(346, 'Manokwari Selatan'),
(347, 'Maybrat'),
(348, 'Pegunungan Arfak'),
(349, 'Raja Ampat'),
(350, 'Sorong'),
(351, 'Sorong'),
(352, 'Sorong Selatan'),
(353, 'Tambrauw'),
(354, 'Teluk Bintuni'),
(355, 'Teluk Wondama'),
(356, 'Bengkalis'),
(357, 'Dumai'),
(358, 'Indragiri Hilir'),
(359, 'Indragiri Hulu'),
(360, 'Kampar'),
(361, 'Kepulauan Meranti'),
(362, 'Kuantan Singingi'),
(363, 'Pekanbaru'),
(364, 'Pelalawan'),
(365, 'Rokan Hilir'),
(366, 'Rokan Hulu'),
(367, 'Siak'),
(368, 'Majene'),
(369, 'Mamasa'),
(370, 'Mamuju'),
(371, 'Mamuju Tengah'),
(372, 'Mamuju Utara'),
(373, 'Polewali Mandar'),
(374, 'Bantaeng'),
(375, 'Barru'),
(376, 'Bone'),
(377, 'Bulukumba'),
(378, 'Enrekang'),
(379, 'Gowa'),
(380, 'Jeneponto'),
(381, 'Kepulauan Selayar'),
(382, 'Luwu'),
(383, 'Luwu Timur'),
(384, 'Luwu Utara'),
(385, 'Makassar'),
(386, 'Maros'),
(387, 'Palopo'),
(388, 'Pangkajene Kepulauan'),
(389, 'Parepare'),
(390, 'Pinrang'),
(391, 'Sidenreng Rappang'),
(392, 'Sinjai'),
(393, 'Soppeng'),
(394, 'Takalar'),
(395, 'Tana Toraja'),
(396, 'Toraja Utara'),
(397, 'Wajo'),
(398, 'Banggai'),
(399, 'Banggai Kepulauan'),
(400, 'Banggai Laut'),
(401, 'Buol'),
(402, 'Donggala'),
(403, 'Morowali'),
(404, 'Morowali Utara'),
(405, 'Palu'),
(406, 'Parigi Moutong'),
(407, 'Poso'),
(408, 'Sigi'),
(409, 'Tojo Una-Una'),
(410, 'Toli-Toli'),
(411, 'Bau-Bau'),
(412, 'Bombana'),
(413, 'Buton'),
(414, 'Buton Selatan'),
(415, 'Buton Tengah'),
(416, 'Buton Utara'),
(417, 'Kendari'),
(418, 'Kolaka'),
(419, 'Kolaka Timur'),
(420, 'Kolaka Utara'),
(421, 'Konawe'),
(422, 'Konawe Kepulauan'),
(423, 'Konawe Selatan'),
(424, 'Konawe Utara'),
(425, 'Muna'),
(426, 'Muna Barat'),
(427, 'Wakatobi'),
(428, 'Bitung'),
(429, 'Bolaang Mongondow'),
(430, 'Bolaang Mongondow Selatan'),
(431, 'Bolaang Mongondow Timur'),
(432, 'Bolaang Mongondow Utara'),
(433, 'Kepulauan Sangihe'),
(434, 'Kepulauan Siau Tagulandang Biaro (Sitaro)'),
(435, 'Kepulauan Talaud'),
(436, 'Kotamobagu'),
(437, 'Manado'),
(438, 'Minahasa'),
(439, 'Minahasa Selatan'),
(440, 'Minahasa Tenggara'),
(441, 'Minahasa Utara'),
(442, 'Tomohon'),
(443, 'Agam'),
(444, 'Bukittinggi'),
(445, 'Dharmasraya'),
(446, 'Kepulauan Mentawai'),
(447, 'Lima Puluh Kota'),
(448, 'Padang'),
(449, 'Padang Panjang'),
(450, 'Padang Pariaman'),
(451, 'Pariaman'),
(452, 'Pasaman'),
(453, 'Pasaman Barat'),
(454, 'Payakumbuh'),
(455, 'Pesisir Selatan'),
(456, 'Sawah Lunto'),
(457, 'Sijunjung'),
(458, 'Solok'),
(459, 'Solok'),
(460, 'Solok Selatan'),
(461, 'Tanah Datar'),
(462, 'Banyuasin'),
(463, 'Empat Lawang'),
(464, 'Lahat'),
(465, 'Lubuk Linggau'),
(466, 'Muara Enim'),
(467, 'Musi Banyuasin'),
(468, 'Musi Rawas'),
(469, 'Musi Rawas Utara'),
(470, 'Ogan Ilir'),
(471, 'Ogan Komering Ilir'),
(472, 'Ogan Komering Ulu'),
(473, 'Ogan Komering Ulu Selatan'),
(474, 'Ogan Komering Ulu Timur'),
(475, 'Pagar Alam'),
(476, 'Palembang'),
(477, 'Penukal Abab Lematang Ilir'),
(478, 'Prabumulih'),
(479, 'Asahan'),
(480, 'Batu Bara'),
(481, 'Binjai'),
(482, 'Dairi'),
(483, 'Deli Serdang'),
(484, 'Gunungsitoli'),
(485, 'Humbang Hasundutan'),
(486, 'Karo'),
(487, 'Labuhanbatu'),
(488, 'Labuhanbatu Selatan'),
(489, 'Labuhanbatu Utara'),
(490, 'Langkat'),
(491, 'Mandailing Natal'),
(492, 'Medan'),
(493, 'Nias'),
(494, 'Nias Barat'),
(495, 'Nias Selatan'),
(496, 'Nias Utara'),
(497, 'Padang Lawas'),
(498, 'Padang Lawas Utara'),
(499, 'Padang Sidempuan'),
(500, 'Pakpak Bharat'),
(501, 'Pematang Siantar'),
(502, 'Samosir'),
(503, 'Serdang Bedagai'),
(504, 'Sibolga'),
(505, 'Simalungun'),
(506, 'Tanjung Balai'),
(507, 'Tapanuli Selatan'),
(508, 'Tapanuli Tengah'),
(509, 'Tapanuli Utara'),
(510, 'Tebing Tinggi'),
(511, 'Toba Samosir');

-- --------------------------------------------------------

--
-- Table structure for table `l_kecamatan`
--

CREATE TABLE `l_kecamatan` (
  `id` int(11) NOT NULL,
  `kecamatan` varchar(100) DEFAULT NULL
) ENGINE=InnoDB DEFAULT CHARSET=utf8;

--
-- Dumping data for table `l_kecamatan`
--

INSERT INTO `l_kecamatan` (`id`, `kecamatan`) VALUES
(1, 'Abiansemal'),
(2, 'Kuta'),
(3, 'Kuta Selatan'),
(4, 'Kuta Utara'),
(5, 'Mengwi'),
(6, 'Petang'),
(7, 'Bangli'),
(8, 'Kintamani'),
(9, 'Susut'),
(10, 'Tembuku'),
(11, 'Banjar'),
(12, 'Buleleng'),
(13, 'Busungbiu'),
(14, 'Gerokgak'),
(15, 'Kubutambahan'),
(16, 'Sawan'),
(17, 'Seririt'),
(18, 'Sukasada'),
(19, 'Tejakula'),
(20, 'Denpasar Barat'),
(21, 'Denpasar Selatan'),
(22, 'Denpasar Timur'),
(23, 'Denpasar Utara'),
(24, 'Belah Batuh (Blahbatuh)'),
(25, 'Gianyar'),
(26, 'Payangan'),
(27, 'Sukawati'),
(28, 'Tampak Siring'),
(29, 'Tegallalang'),
(30, 'Ubud'),
(31, 'Jembrana'),
(32, 'Melaya'),
(33, 'Mendoyo'),
(34, 'Negara'),
(35, 'Pekutatan'),
(36, 'Abang'),
(37, 'Bebandem'),
(38, 'Karang Asem'),
(39, 'Kubu'),
(40, 'Manggis'),
(41, 'Rendang'),
(42, 'Selat'),
(43, 'Sidemen'),
(44, 'Banjarangkan'),
(45, 'Dawan'),
(46, 'Klungkung'),
(47, 'Nusapenida'),
(48, 'Baturiti'),
(49, 'Kediri'),
(50, 'Kerambitan'),
(51, 'Marga'),
(52, 'Penebel'),
(53, 'Pupuan'),
(54, 'Salemadeg Barat'),
(55, 'Salemadeg Timur'),
(56, 'Selemadeg'),
(57, 'Tabanan'),
(58, 'Bakam'),
(59, 'Belinyu'),
(60, 'Mendo Barat'),
(61, 'Merawang'),
(62, 'Pemali'),
(63, 'Puding Besar'),
(64, 'Riau Silip'),
(65, 'Sungai Liat'),
(66, 'Jebus'),
(67, 'Kelapa'),
(68, 'Mentok (Muntok)'),
(69, 'Parittiga'),
(70, 'Simpang Teritip'),
(71, 'Tempilang'),
(72, 'Air Gegas'),
(73, 'Kepulauan Pongok'),
(74, 'Lepar Pongok'),
(75, 'Payung'),
(76, 'Pulau Besar'),
(77, 'Simpang Rimba'),
(78, 'Toboali'),
(79, 'Tukak Sadai'),
(80, 'Koba'),
(81, 'Lubuk Besar'),
(82, 'Namang'),
(83, 'Pangkalan Baru'),
(84, 'Simpang Katis'),
(85, 'Sungai Selan'),
(86, 'Badau'),
(87, 'Membalong'),
(88, 'Selat Nasik'),
(89, 'Sijuk'),
(90, 'Tanjung Pandan'),
(91, 'Damar'),
(92, 'Dendang'),
(93, 'Gantung'),
(94, 'Kelapa Kampit'),
(95, 'Manggar'),
(96, 'Simpang Pesak'),
(97, 'Simpang Renggiang'),
(98, 'Bukit Intan'),
(99, 'Gabek'),
(100, 'Gerunggang'),
(101, 'Girimaya'),
(102, 'Pangkal Balam'),
(103, 'Rangkui'),
(104, 'Taman Sari'),
(105, 'Cibeber'),
(106, 'Cilegon'),
(107, 'Citangkil'),
(108, 'Ciwandan'),
(109, 'Gerogol'),
(110, 'Jombang'),
(111, 'Pulomerak'),
(112, 'Purwakarta'),
(113, 'Banjarsari'),
(114, 'Bayah'),
(115, 'Bojongmanik'),
(116, 'Cibadak'),
(117, 'Cibeber'),
(118, 'Cigemblong'),
(119, 'Cihara'),
(120, 'Cijaku'),
(121, 'Cikulur'),
(122, 'Cileles'),
(123, 'Cilograng'),
(124, 'Cimarga'),
(125, 'Cipanas'),
(126, 'Cirinten'),
(127, 'Curugbitung'),
(128, 'Gunung Kencana'),
(129, 'Kalanganyar'),
(130, 'Lebakgedong'),
(131, 'Leuwidamar'),
(132, 'Maja'),
(133, 'Malingping'),
(134, 'Muncang'),
(135, 'Panggarangan'),
(136, 'Rangkasbitung'),
(137, 'Sajira'),
(138, 'Sobang'),
(139, 'Wanasalam'),
(140, 'Warunggunung'),
(141, 'Angsana'),
(142, 'Banjar'),
(143, 'Bojong'),
(144, 'Cadasari'),
(145, 'Carita'),
(146, 'Cibaliung'),
(147, 'Cibitung'),
(148, 'Cigeulis'),
(149, 'Cikeudal (Cikedal)'),
(150, 'Cikeusik'),
(151, 'Cimanggu'),
(152, 'Cimanuk'),
(153, 'Cipeucang'),
(154, 'Cisata'),
(155, 'Jiput'),
(156, 'Kaduhejo'),
(157, 'Karang Tanjung'),
(158, 'Koroncong'),
(159, 'Labuan'),
(160, 'Majasari'),
(161, 'Mandalawangi'),
(162, 'Mekarjaya'),
(163, 'Menes'),
(164, 'Munjul'),
(165, 'Pagelaran'),
(166, 'Pandeglang'),
(167, 'Panimbang'),
(168, 'Patia'),
(169, 'Picung'),
(170, 'Pulosari'),
(171, 'Saketi'),
(172, 'Sindangresmi'),
(173, 'Sobang'),
(174, 'Sukaresmi'),
(175, 'Sumur'),
(176, 'Anyar'),
(177, 'Bandung'),
(178, 'Baros'),
(179, 'Binuang'),
(180, 'Bojonegara'),
(181, 'Carenang (Cerenang)'),
(182, 'Cikande'),
(183, 'Cikeusal'),
(184, 'Cinangka'),
(185, 'Ciomas'),
(186, 'Ciruas'),
(187, 'Gunungsari'),
(188, 'Jawilan'),
(189, 'Kibin'),
(190, 'Kopo'),
(191, 'Kragilan'),
(192, 'Kramatwatu'),
(193, 'Lebak Wangi'),
(194, 'Mancak'),
(195, 'Pabuaran'),
(196, 'Padarincang'),
(197, 'Pamarayan'),
(198, 'Petir'),
(199, 'Pontang'),
(200, 'Pulo Ampel'),
(201, 'Tanara'),
(202, 'Tirtayasa'),
(203, 'Tunjung Teja'),
(204, 'Waringin Kurung'),
(205, 'Cipocok Jaya'),
(206, 'Curug'),
(207, 'Kasemen'),
(208, 'Serang'),
(209, 'Taktakan'),
(210, 'Walantaka'),
(211, 'Balaraja'),
(212, 'Cikupa'),
(213, 'Cisauk'),
(214, 'Cisoka'),
(215, 'Curug'),
(216, 'Gunung Kaler'),
(217, 'Jambe'),
(218, 'Jayanti'),
(219, 'Kelapa Dua'),
(220, 'Kemiri'),
(221, 'Kosambi'),
(222, 'Kresek'),
(223, 'Kronjo'),
(224, 'Legok'),
(225, 'Mauk'),
(226, 'Mekar Baru'),
(227, 'Pagedangan'),
(228, 'Pakuhaji'),
(229, 'Panongan'),
(230, 'Pasar Kemis'),
(231, 'Rajeg'),
(232, 'Sepatan'),
(233, 'Sepatan Timur'),
(234, 'Sindang Jaya'),
(235, 'Solear'),
(236, 'Sukadiri'),
(237, 'Sukamulya'),
(238, 'Teluknaga'),
(239, 'Tigaraksa'),
(240, 'Batuceper'),
(241, 'Benda'),
(242, 'Cibodas'),
(243, 'Ciledug'),
(244, 'Cipondoh'),
(245, 'Jatiuwung'),
(246, 'Karang Tengah'),
(247, 'Karawaci'),
(248, 'Larangan'),
(249, 'Neglasari'),
(250, 'Periuk'),
(251, 'Pinang (Penang)'),
(252, 'Tangerang'),
(253, 'Ciputat'),
(254, 'Ciputat Timur'),
(255, 'Pamulang'),
(256, 'Pondok Aren'),
(257, 'Serpong'),
(258, 'Serpong Utara'),
(259, 'Setu'),
(260, 'Gading Cempaka'),
(261, 'Kampung Melayu'),
(262, 'Muara Bangka Hulu'),
(263, 'Ratu Agung'),
(264, 'Ratu Samban'),
(265, 'Selebar'),
(266, 'Singaran Pati'),
(267, 'Sungai Serut'),
(268, 'Teluk Segara'),
(269, 'Air Nipis'),
(270, 'Bunga Mas'),
(271, 'Kedurang'),
(272, 'Kedurang Ilir'),
(273, 'Kota Manna'),
(274, 'Manna'),
(275, 'Pasar Manna'),
(276, 'Pino'),
(277, 'Pinoraya'),
(278, 'Seginim'),
(279, 'Ulu Manna'),
(280, 'Bang Haji'),
(281, 'Karang Tinggi'),
(282, 'Merigi Kelindang'),
(283, 'Merigi Sakti'),
(284, 'Pagar Jati'),
(285, 'Pematang Tiga'),
(286, 'Pondok Kelapa'),
(287, 'Pondok Kubang'),
(288, 'Taba Penanjung'),
(289, 'Talang Empat'),
(290, 'Air Besi'),
(291, 'Air Napal'),
(292, 'Air Padang'),
(293, 'Arga Makmur'),
(294, 'Arma Jaya'),
(295, 'Batik Nau'),
(296, 'Enggano'),
(297, 'Giri Mulia'),
(298, 'Hulu Palik'),
(299, 'Kerkap'),
(300, 'Ketahun'),
(301, 'Lais'),
(302, 'Napal Putih'),
(303, 'Padang Jaya'),
(304, 'Putri Hijau'),
(305, 'Tanjung Agung Palik'),
(306, 'Ulok Kupai'),
(307, 'Kaur Selatan'),
(308, 'Kaur Tengah'),
(309, 'Kaur Utara'),
(310, 'Kelam Tengah'),
(311, 'Kinal'),
(312, 'Luas'),
(313, 'Lungkang Kule'),
(314, 'Maje'),
(315, 'Muara Sahung'),
(316, 'Nasal'),
(317, 'Padang Guci Hilir'),
(318, 'Padang Guci Hulu'),
(319, 'Semidang Gumai (Gumay)'),
(320, 'Tanjung Kemuning'),
(321, 'Tetap (Muara Tetap)'),
(322, 'Bermani Ilir'),
(323, 'Kebawetan'),
(324, 'Kepahiang'),
(325, 'Merigi'),
(326, 'Muara Kemumu'),
(327, 'Seberang Musi'),
(328, 'Tebat Karai'),
(329, 'Ujan Mas'),
(330, 'Amen'),
(331, 'Bingin Kuning'),
(332, 'Lebong Atas'),
(333, 'Lebong Sakti'),
(334, 'Lebong Selatan'),
(335, 'Lebong Tengah'),
(336, 'Lebong Utara'),
(337, 'Pelabai'),
(338, 'Pinang Belapis'),
(339, 'Rimbo Pengadang'),
(340, 'Topos'),
(341, 'Uram Jaya'),
(342, 'Air Dikit'),
(343, 'Air Majunto'),
(344, 'Air Rami'),
(345, 'Ipuh (Muko-Muko Selatan)'),
(346, 'Kota Mukomuko (Mukomuko Utara)'),
(347, 'Lubuk Pinang'),
(348, 'Malin Deman'),
(349, 'Penarik'),
(350, 'Pondok Suguh'),
(351, 'Selagan Raya'),
(352, 'Sungai Rumbai'),
(353, 'Teramang Jaya'),
(354, 'Teras Terunjam'),
(355, 'V Koto'),
(356, 'XIV Koto'),
(357, 'Bermani Ulu'),
(358, 'Bermani Ulu Raya'),
(359, 'Binduriang'),
(360, 'Curup'),
(361, 'Curup Selatan'),
(362, 'Curup Tengah'),
(363, 'Curup Timur'),
(364, 'Curup Utara'),
(365, 'Kota Padang'),
(366, 'Padang Ulak Tanding'),
(367, 'Selupu Rejang'),
(368, 'Sindang Beliti Ilir'),
(369, 'Sindang Beliti Ulu'),
(370, 'Sindang Daratan'),
(371, 'Sindang Kelingi'),
(372, 'Air Periukan'),
(373, 'Ilir Talo'),
(374, 'Lubuk Sandi'),
(375, 'Seluma'),
(376, 'Seluma Barat'),
(377, 'Seluma Selatan'),
(378, 'Seluma Timur'),
(379, 'Seluma Utara'),
(380, 'Semidang Alas'),
(381, 'Semidang Alas Maras'),
(382, 'Sukaraja'),
(383, 'Talo'),
(384, 'Talo Kecil'),
(385, 'Ulu Talo'),
(386, 'Bambang Lipuro'),
(387, 'Banguntapan'),
(388, 'Bantul'),
(389, 'Dlingo'),
(390, 'Imogiri'),
(391, 'Jetis'),
(392, 'Kasihan'),
(393, 'Kretek'),
(394, 'Pajangan'),
(395, 'Pandak'),
(396, 'Piyungan'),
(397, 'Pleret'),
(398, 'Pundong'),
(399, 'Sanden'),
(400, 'Sedayu'),
(401, 'Sewon'),
(402, 'Srandakan'),
(403, 'Gedang Sari'),
(404, 'Girisubo'),
(405, 'Karangmojo'),
(406, 'Ngawen'),
(407, 'Nglipar'),
(408, 'Paliyan'),
(409, 'Panggang'),
(410, 'Patuk'),
(411, 'Playen'),
(412, 'Ponjong'),
(413, 'Purwosari'),
(414, 'Rongkop'),
(415, 'Sapto Sari'),
(416, 'Semanu'),
(417, 'Semin'),
(418, 'Tanjungsari'),
(419, 'Tepus'),
(420, 'Wonosari'),
(421, 'Galur'),
(422, 'Girimulyo'),
(423, 'Kalibawang'),
(424, 'Kokap'),
(425, 'Lendah'),
(426, 'Nanggulan'),
(427, 'Panjatan'),
(428, 'Pengasih'),
(429, 'Samigaluh'),
(430, 'Sentolo'),
(431, 'Temon'),
(432, 'Wates'),
(433, 'Berbah'),
(434, 'Cangkringan'),
(435, 'Depok'),
(436, 'Gamping'),
(437, 'Godean'),
(438, 'Kalasan'),
(439, 'Minggir'),
(440, 'Mlati'),
(441, 'Moyudan'),
(442, 'Ngaglik'),
(443, 'Ngemplak'),
(444, 'Pakem'),
(445, 'Prambanan'),
(446, 'Seyegan'),
(447, 'Sleman'),
(448, 'Tempel'),
(449, 'Turi'),
(450, 'Danurejan'),
(451, 'Gedong Tengen'),
(452, 'Gondokusuman'),
(453, 'Gondomanan'),
(454, 'Jetis'),
(455, 'Kotagede'),
(456, 'Kraton'),
(457, 'Mantrijeron'),
(458, 'Mergangsan'),
(459, 'Ngampilan'),
(460, 'Pakualaman'),
(461, 'Tegalrejo'),
(462, 'Umbulharjo'),
(463, 'Wirobrajan'),
(464, 'Cengkareng'),
(465, 'Grogol Petamburan'),
(466, 'Kalideres'),
(467, 'Kebon Jeruk'),
(468, 'Kembangan'),
(469, 'Palmerah'),
(470, 'Taman Sari'),
(471, 'Tambora'),
(472, 'Cempaka Putih'),
(473, 'Gambir'),
(474, 'Johar Baru'),
(475, 'Kemayoran'),
(476, 'Menteng'),
(477, 'Sawah Besar'),
(478, 'Senen'),
(479, 'Tanah Abang'),
(480, 'Cilandak'),
(481, 'Jagakarsa'),
(482, 'Kebayoran Baru'),
(483, 'Kebayoran Lama'),
(484, 'Mampang Prapatan'),
(485, 'Pancoran'),
(486, 'Pasar Minggu'),
(487, 'Pesanggrahan'),
(488, 'Setia Budi'),
(489, 'Tebet'),
(490, 'Cakung'),
(491, 'Cipayung'),
(492, 'Ciracas'),
(493, 'Duren Sawit'),
(494, 'Jatinegara'),
(495, 'Kramat Jati'),
(496, 'Makasar'),
(497, 'Matraman'),
(498, 'Pasar Rebo'),
(499, 'Pulo Gadung'),
(500, 'Cilincing'),
(501, 'Kelapa Gading'),
(502, 'Koja'),
(503, 'Pademangan'),
(504, 'Penjaringan'),
(505, 'Tanjung Priok'),
(506, 'Kepulauan Seribu Selatan'),
(507, 'Kepulauan Seribu Utara'),
(508, 'Botumoita'),
(509, 'Dulupi'),
(510, 'Mananggu'),
(511, 'Paguyaman'),
(512, 'Paguyaman Pantai'),
(513, 'Tilamuta'),
(514, 'Wonosari'),
(515, 'Bone'),
(516, 'Bone Raya'),
(517, 'Bonepantai'),
(518, 'Botu Pingge'),
(519, 'Bulango Selatan'),
(520, 'Bulango Timur'),
(521, 'Bulango Ulu'),
(522, 'Bulango Utara'),
(523, 'Bulawa'),
(524, 'Kabila'),
(525, 'Kabila Bone'),
(526, 'Pinogu'),
(527, 'Suwawa'),
(528, 'Suwawa Selatan'),
(529, 'Suwawa Tengah'),
(530, 'Suwawa Timur'),
(531, 'Tapa'),
(532, 'Tilongkabila'),
(533, 'Asparaga'),
(534, 'Batudaa'),
(535, 'Batudaa Pantai'),
(536, 'Bilato'),
(537, 'Biluhu'),
(538, 'Boliohuto (Boliyohuto)'),
(539, 'Bongomeme'),
(540, 'Dungaliyo'),
(541, 'Limboto'),
(542, 'Limboto Barat'),
(543, 'Mootilango'),
(544, 'Pulubala'),
(545, 'Tabongo'),
(546, 'Telaga'),
(547, 'Telaga Biru'),
(548, 'Telaga Jaya'),
(549, 'Tibawa'),
(550, 'Tilango'),
(551, 'Tolangohula'),
(552, 'Dumbo Raya'),
(553, 'Dungingi'),
(554, 'Hulonthalangi'),
(555, 'Kota Barat'),
(556, 'Kota Selatan'),
(557, 'Kota Tengah'),
(558, 'Kota Timur'),
(559, 'Kota Utara'),
(560, 'Sipatana'),
(561, 'Anggrek'),
(562, 'Atinggola'),
(563, 'Biau'),
(564, 'Gentuma Raya'),
(565, 'Kwandang'),
(566, 'Monano'),
(567, 'Ponelo Kepulauan'),
(568, 'Sumalata'),
(569, 'Sumalata Timur'),
(570, 'Tolinggula'),
(571, 'Tomolito'),
(572, 'Buntulia'),
(573, 'Dengilo'),
(574, 'Duhiadaa'),
(575, 'Lemito'),
(576, 'Marisa'),
(577, 'Paguat'),
(578, 'Patilanggio'),
(579, 'Popayato'),
(580, 'Popayato Barat'),
(581, 'Popayato Timur'),
(582, 'Randangan'),
(583, 'Taluditi (Taluduti)'),
(584, 'Wanggarasi'),
(585, 'Bajubang'),
(586, 'Batin XXIV'),
(587, 'Maro Sebo Ilir'),
(588, 'Maro Sebo Ulu'),
(589, 'Mersam'),
(590, 'Muara Bulian'),
(591, 'Muara Tembesi'),
(592, 'Pemayung'),
(593, 'Bathin II Babeko'),
(594, 'Bathin II Pelayang'),
(595, 'Bathin III'),
(596, 'Bathin III Ulu'),
(597, 'Bungo Dani'),
(598, 'Jujuhan'),
(599, 'Jujuhan Ilir'),
(600, 'Limbur Lubuk Mengkuang'),
(601, 'Muko-Muko Batin VII'),
(602, 'Pasar Muara Bungo'),
(603, 'Pelepat'),
(604, 'Pelepat Ilir'),
(605, 'Rantau Pandan'),
(606, 'Rimbo Tengah'),
(607, 'Tanah Sepenggal'),
(608, 'Tanah Sepenggal Lintas'),
(609, 'Tanah Tumbuh'),
(610, 'Danau Teluk'),
(611, 'Jambi Selatan'),
(612, 'Jambi Timur'),
(613, 'Jelutung'),
(614, 'Kota Baru'),
(615, 'Pasar Jambi'),
(616, 'Pelayangan'),
(617, 'Telanaipura'),
(618, 'Air Hangat'),
(619, 'Air Hangat Barat'),
(620, 'Air Hangat Timur'),
(621, 'Batang Merangin'),
(622, 'Bukitkerman'),
(623, 'Danau Kerinci'),
(624, 'Depati Tujuh'),
(625, 'Gunung Kerinci'),
(626, 'Gunung Raya'),
(627, 'Gunung Tujuh'),
(628, 'Kayu Aro'),
(629, 'Kayu Aro Barat'),
(630, 'Keliling Danau'),
(631, 'Sitinjau Laut'),
(632, 'Siulak'),
(633, 'Siulak Mukai'),
(634, 'Bangko'),
(635, 'Bangko Barat'),
(636, 'Batang Masumai'),
(637, 'Jangkat'),
(638, 'Lembah Masurai'),
(639, 'Margo Tabir'),
(640, 'Muara Siau'),
(641, 'Nalo Tantan'),
(642, 'Pamenang'),
(643, 'Pamenang Barat'),
(644, 'Pamenang Selatan'),
(645, 'Pangkalan Jambu'),
(646, 'Renah Pembarap'),
(647, 'Renah Pemenang'),
(648, 'Sungai Manau'),
(649, 'Sungai Tenang'),
(650, 'Tabir'),
(651, 'Tabir Barat'),
(652, 'Tabir Ilir'),
(653, 'Tabir Lintas'),
(654, 'Tabir Selatan'),
(655, 'Tabir Timur'),
(656, 'Tabir Ulu'),
(657, 'Tiang Pumpung'),
(658, 'Bahar Selatan'),
(659, 'Bahar Utara'),
(660, 'Jambi Luar Kota'),
(661, 'Kumpeh'),
(662, 'Kumpeh Ulu'),
(663, 'Maro Sebo'),
(664, 'Mestong'),
(665, 'Sekernan'),
(666, 'Sungai Bahar'),
(667, 'Sungai Gelam'),
(668, 'Taman Rajo'),
(669, 'Air Hitam'),
(670, 'Batang Asai'),
(671, 'Bathin VIII (Batin VIII)'),
(672, 'Cermin Nan Gadang'),
(673, 'Limun'),
(674, 'Mandiangin'),
(675, 'Pauh'),
(676, 'Pelawan'),
(677, 'Sarolangun'),
(678, 'Singkut'),
(679, 'Hamparan Rawang'),
(680, 'Koto Baru'),
(681, 'Kumun Debai'),
(682, 'Pesisir Bukit'),
(683, 'Pondok Tinggi'),
(684, 'Sungai Bungkal'),
(685, 'Sungai Penuh'),
(686, 'Tanah Kampung'),
(687, 'Batang Asam'),
(688, 'Betara'),
(689, 'Bram Itam'),
(690, 'Kuala Betara'),
(691, 'Merlung'),
(692, 'Muara Papalik'),
(693, 'Pengabuan'),
(694, 'Renah Mendaluh'),
(695, 'Seberang Kota'),
(696, 'Senyerang'),
(697, 'Tebing Tinggi'),
(698, 'Tungkal Ilir'),
(699, 'Tungkal Ulu'),
(700, 'Berbak'),
(701, 'Dendang'),
(702, 'Geragai'),
(703, 'Kuala Jambi'),
(704, 'Mendahara'),
(705, 'Mendahara Ulu'),
(706, 'Muara Sabak Barat'),
(707, 'Muara Sabak Timur'),
(708, 'Nipah Panjang'),
(709, 'Rantau Rasau'),
(710, 'Sadu'),
(711, 'Muara Tabir'),
(712, 'Rimbo Bujang'),
(713, 'Rimbo Ilir'),
(714, 'Rimbo Ulu'),
(715, 'Serai Serumpun'),
(716, 'Sumay'),
(717, 'Tebo Ilir'),
(718, 'Tebo Tengah'),
(719, 'Tebo Ulu'),
(720, 'Tengah Ilir'),
(721, 'VII Koto'),
(722, 'VII Koto Ilir'),
(723, 'Arjasari'),
(724, 'Baleendah'),
(725, 'Banjaran'),
(726, 'Bojongsoang'),
(727, 'Cangkuang'),
(728, 'Cicalengka'),
(729, 'Cikancung'),
(730, 'Cilengkrang'),
(731, 'Cileunyi'),
(732, 'Cimaung'),
(733, 'Cimeunyan'),
(734, 'Ciparay'),
(735, 'Ciwidey'),
(736, 'Dayeuhkolot'),
(737, 'Ibun'),
(738, 'Katapang'),
(739, 'Kertasari'),
(740, 'Kutawaringin'),
(741, 'Majalaya'),
(742, 'Margaasih'),
(743, 'Margahayu'),
(744, 'Nagreg'),
(745, 'Pacet'),
(746, 'Pameungpeuk'),
(747, 'Pangalengan'),
(748, 'Paseh'),
(749, 'Pasirjambu'),
(750, 'Ranca Bali'),
(751, 'Rancaekek'),
(752, 'Solokan Jeruk'),
(753, 'Soreang'),
(754, 'Andir'),
(755, 'Antapani (Cicadas)'),
(756, 'Arcamanik'),
(757, 'Astana Anyar'),
(758, 'Babakan Ciparay'),
(759, 'Bandung Kidul'),
(760, 'Bandung Kulon'),
(761, 'Bandung Wetan'),
(762, 'Batununggal'),
(763, 'Bojongloa Kaler'),
(764, 'Bojongloa Kidul'),
(765, 'Buahbatu (Margacinta)'),
(766, 'Cibeunying Kaler'),
(767, 'Cibeunying Kidul'),
(768, 'Cibiru'),
(769, 'Cicendo'),
(770, 'Cidadap'),
(771, 'Cinambo'),
(772, 'Coblong'),
(773, 'Gedebage'),
(774, 'Kiaracondong'),
(775, 'Lengkong'),
(776, 'Mandalajati'),
(777, 'Panyileukan'),
(778, 'Rancasari'),
(779, 'Regol'),
(780, 'Sukajadi'),
(781, 'Sukasari'),
(782, 'Sumur Bandung'),
(783, 'Ujung Berung'),
(784, 'Batujajar'),
(785, 'Cihampelas'),
(786, 'Cikalong Wetan'),
(787, 'Cililin'),
(788, 'Cipatat'),
(789, 'Cipeundeuy'),
(790, 'Cipongkor'),
(791, 'Cisarua'),
(792, 'Gununghalu'),
(793, 'Lembang'),
(794, 'Ngamprah'),
(795, 'Padalarang'),
(796, 'Parongpong'),
(797, 'Rongga'),
(798, 'Saguling'),
(799, 'Sindangkerta'),
(800, 'Banjar'),
(801, 'Langensari'),
(802, 'Pataruman'),
(803, 'Purwaharja'),
(804, 'Babelan'),
(805, 'Bojongmangu'),
(806, 'Cabangbungin'),
(807, 'Cibarusah'),
(808, 'Cibitung'),
(809, 'Cikarang Barat'),
(810, 'Cikarang Pusat'),
(811, 'Cikarang Selatan'),
(812, 'Cikarang Timur'),
(813, 'Cikarang Utara'),
(814, 'Karangbahagia'),
(815, 'Kedung Waringin'),
(816, 'Muara Gembong'),
(817, 'Pebayuran'),
(818, 'Serang Baru'),
(819, 'Setu'),
(820, 'Sukakarya'),
(821, 'Sukatani'),
(822, 'Sukawangi'),
(823, 'Tambelang'),
(824, 'Tambun Selatan'),
(825, 'Tambun Utara'),
(826, 'Tarumajaya'),
(827, 'Bantar Gebang'),
(828, 'Bekasi Barat'),
(829, 'Bekasi Selatan'),
(830, 'Bekasi Timur'),
(831, 'Bekasi Utara'),
(832, 'Jati Sampurna'),
(833, 'Jatiasih'),
(834, 'Medan Satria'),
(835, 'Mustika Jaya'),
(836, 'Pondok Gede'),
(837, 'Pondok Melati'),
(838, 'Rawalumbu'),
(839, 'Babakan Madang'),
(840, 'Bojonggede'),
(841, 'Caringin'),
(842, 'Cariu'),
(843, 'Ciampea'),
(844, 'Ciawi'),
(845, 'Cibinong'),
(846, 'Cibungbulang'),
(847, 'Cigombong'),
(848, 'Cigudeg'),
(849, 'Cijeruk'),
(850, 'Cileungsi'),
(851, 'Ciomas'),
(852, 'Cisarua'),
(853, 'Ciseeng'),
(854, 'Citeureup'),
(855, 'Dramaga'),
(856, 'Gunung Putri'),
(857, 'Gunung Sindur'),
(858, 'Jasinga'),
(859, 'Jonggol'),
(860, 'Kemang'),
(861, 'Klapanunggal'),
(862, 'Leuwiliang'),
(863, 'Leuwisadeng'),
(864, 'Megamendung'),
(865, 'Nanggung'),
(866, 'Pamijahan'),
(867, 'Parung'),
(868, 'Parung Panjang'),
(869, 'Ranca Bungur'),
(870, 'Rumpin'),
(871, 'Sukajaya'),
(872, 'Sukamakmur'),
(873, 'Sukaraja'),
(874, 'Tajurhalang'),
(875, 'Bogor Barat - Kota'),
(876, 'Bogor Selatan - Kota'),
(877, 'Bogor Tengah - Kota'),
(878, 'Bogor Timur - Kota'),
(879, 'Bogor Utara - Kota'),
(880, 'Tanah Sereal'),
(881, 'Banjarsari'),
(882, 'Baregbeg'),
(883, 'Ciamis'),
(884, 'Cidolog'),
(885, 'Cihaurbeuti'),
(886, 'Cijeungjing'),
(887, 'Cikoneng'),
(888, 'Cimaragas'),
(889, 'Cipaku'),
(890, 'Cisaga'),
(891, 'Jatinagara'),
(892, 'Kawali'),
(893, 'Lakbok'),
(894, 'Lumbung'),
(895, 'Pamarican'),
(896, 'Panawangan'),
(897, 'Panjalu'),
(898, 'Panumbangan'),
(899, 'Purwadadi'),
(900, 'Rajadesa'),
(901, 'Rancah'),
(902, 'Sadananya'),
(903, 'Sindangkasih'),
(904, 'Sukadana'),
(905, 'Sukamantri'),
(906, 'Tambaksari'),
(907, 'Agrabinta'),
(908, 'Bojongpicung'),
(909, 'Campaka'),
(910, 'Campaka Mulya'),
(911, 'Cianjur'),
(912, 'Cibeber'),
(913, 'Cibinong'),
(914, 'Cidaun'),
(915, 'Cijati'),
(916, 'Cikadu'),
(917, 'Cikalongkulon'),
(918, 'Cilaku'),
(919, 'Cipanas'),
(920, 'Ciranjang'),
(921, 'Cugenang'),
(922, 'Gekbrong'),
(923, 'Haurwangi'),
(924, 'Kadupandak'),
(925, 'Karangtengah'),
(926, 'Leles'),
(927, 'Mande'),
(928, 'Naringgul'),
(929, 'Pacet'),
(930, 'Pagelaran'),
(931, 'Pasirkuda'),
(932, 'Sindangbarang'),
(933, 'Sukaluyu'),
(934, 'Sukanagara'),
(935, 'Sukaresmi'),
(936, 'Takokak'),
(937, 'Tanggeung'),
(938, 'Warungkondang'),
(939, 'Cimahi Selatan'),
(940, 'Cimahi Tengah'),
(941, 'Cimahi Utara'),
(942, 'Arjawinangun'),
(943, 'Astanajapura'),
(944, 'Babakan'),
(945, 'Beber'),
(946, 'Ciledug'),
(947, 'Ciwaringin'),
(948, 'Depok'),
(949, 'Dukupuntang'),
(950, 'Gebang'),
(951, 'Gegesik'),
(952, 'Gempol'),
(953, 'Greged (Greget)'),
(954, 'Gunung Jati (Cirebon Utara)'),
(955, 'Jamblang'),
(956, 'Kaliwedi'),
(957, 'Kapetakan'),
(958, 'Karangsembung'),
(959, 'Karangwareng'),
(960, 'Kedawung'),
(961, 'Klangenan'),
(962, 'Lemahabang'),
(963, 'Losari'),
(964, 'Mundu'),
(965, 'Pabedilan'),
(966, 'Pabuaran'),
(967, 'Palimanan'),
(968, 'Pangenan'),
(969, 'Panguragan'),
(970, 'Pasaleman'),
(971, 'Plered'),
(972, 'Plumbon'),
(973, 'Sedong'),
(974, 'Sumber'),
(975, 'Suranenggala'),
(976, 'Susukan'),
(977, 'Susukan Lebak'),
(978, 'Harjamukti'),
(979, 'Kejaksan'),
(980, 'Kesambi'),
(981, 'Lemahwungkuk'),
(982, 'Pekalipan'),
(983, 'Beji'),
(984, 'Bojongsari'),
(985, 'Cilodong'),
(986, 'Cimanggis'),
(987, 'Cinere'),
(988, 'Cipayung'),
(989, 'Limo'),
(990, 'Pancoran Mas'),
(991, 'Sawangan'),
(992, 'Sukmajaya'),
(993, 'Tapos'),
(994, 'Banjarwangi'),
(995, 'Banyuresmi'),
(996, 'Bayongbong'),
(997, 'Blubur Limbangan'),
(998, 'Bungbulang'),
(999, 'Caringin'),
(1000, 'Cibalong'),
(1001, 'Cibatu'),
(1002, 'Cibiuk'),
(1003, 'Cigedug'),
(1004, 'Cihurip'),
(1005, 'Cikajang'),
(1006, 'Cikelet'),
(1007, 'Cilawu'),
(1008, 'Cisewu'),
(1009, 'Cisompet'),
(1010, 'Cisurupan'),
(1011, 'Garut Kota'),
(1012, 'Kadungora'),
(1013, 'Karangpawitan'),
(1014, 'Karangtengah'),
(1015, 'Kersamanah'),
(1016, 'Leles'),
(1017, 'Leuwigoong'),
(1018, 'Malangbong'),
(1019, 'Mekarmukti'),
(1020, 'Pakenjeng'),
(1021, 'Pameungpeuk'),
(1022, 'Pamulihan'),
(1023, 'Pangatikan'),
(1024, 'Pasirwangi'),
(1025, 'Peundeuy'),
(1026, 'Samarang'),
(1027, 'Selaawi'),
(1028, 'Singajaya'),
(1029, 'Sucinaraja'),
(1030, 'Anjatan'),
(1031, 'Arahan'),
(1032, 'Balongan'),
(1033, 'Bangodua'),
(1034, 'Bongas'),
(1035, 'Cantigi'),
(1036, 'Cikedung'),
(1037, 'Gabuswetan'),
(1038, 'Gantar'),
(1039, 'Haurgeulis'),
(1040, 'Indramayu'),
(1041, 'Jatibarang'),
(1042, 'Juntinyuat'),
(1043, 'Kandanghaur'),
(1044, 'Karangampel'),
(1045, 'Kedokan Bunder'),
(1046, 'Kertasemaya'),
(1047, 'Krangkeng'),
(1048, 'Kroya'),
(1049, 'Lelea'),
(1050, 'Lohbener'),
(1051, 'Losarang'),
(1052, 'Pasekan'),
(1053, 'Patrol'),
(1054, 'Sindang'),
(1055, 'Sliyeg'),
(1056, 'Sukagumiwang'),
(1057, 'Sukra'),
(1058, 'Trisi/Terisi'),
(1059, 'Tukdana'),
(1060, 'Widasari'),
(1061, 'Banyusari'),
(1062, 'Batujaya'),
(1063, 'Ciampel'),
(1064, 'Cibuaya'),
(1065, 'Cikampek'),
(1066, 'Cilamaya Kulon'),
(1067, 'Cilamaya Wetan'),
(1068, 'Cilebar'),
(1069, 'Jatisari'),
(1070, 'Jayakerta'),
(1071, 'Karawang Barat'),
(1072, 'Karawang Timur'),
(1073, 'Klari'),
(1074, 'Kotabaru'),
(1075, 'Kutawaluya'),
(1076, 'Lemahabang'),
(1077, 'Majalaya'),
(1078, 'Pakisjaya'),
(1079, 'Pangkalan'),
(1080, 'Pedes'),
(1081, 'Purwasari'),
(1082, 'Rawamerta'),
(1083, 'Rengasdengklok'),
(1084, 'Talagasari'),
(1085, 'Tegalwaru'),
(1086, 'Telukjambe Barat'),
(1087, 'Telukjambe Timur'),
(1088, 'Tempuran'),
(1089, 'Tirtajaya'),
(1090, 'Tirtamulya'),
(1091, 'Ciawigebang'),
(1092, 'Cibeureum'),
(1093, 'Cibingbin'),
(1094, 'Cidahu'),
(1095, 'Cigandamekar'),
(1096, 'Cigugur'),
(1097, 'Cilebak'),
(1098, 'Cilimus'),
(1099, 'Cimahi'),
(1100, 'Ciniru'),
(1101, 'Cipicung'),
(1102, 'Ciwaru'),
(1103, 'Darma'),
(1104, 'Garawangi'),
(1105, 'Hantara'),
(1106, 'Jalaksana'),
(1107, 'Japara'),
(1108, 'Kadugede'),
(1109, 'Kalimanggis'),
(1110, 'Karangkancana'),
(1111, 'Kramat Mulya'),
(1112, 'Kuningan'),
(1113, 'Lebakwangi'),
(1114, 'Luragung'),
(1115, 'Maleber'),
(1116, 'Mandirancan'),
(1117, 'Nusaherang'),
(1118, 'Pancalang'),
(1119, 'Pasawahan'),
(1120, 'Selajambe'),
(1121, 'Sindangagung'),
(1122, 'Subang'),
(1123, 'Argapura'),
(1124, 'Banjaran'),
(1125, 'Bantarujeg'),
(1126, 'Cigasong'),
(1127, 'Cikijing'),
(1128, 'Cingambul'),
(1129, 'Dawuan'),
(1130, 'Jatitujuh'),
(1131, 'Jatiwangi'),
(1132, 'Kadipaten'),
(1133, 'Kasokandel'),
(1134, 'Kertajati'),
(1135, 'Lemahsugih'),
(1136, 'Leuwimunding'),
(1137, 'Ligung'),
(1138, 'Maja'),
(1139, 'Majalengka'),
(1140, 'Malausma'),
(1141, 'Palasah'),
(1142, 'Panyingkiran'),
(1143, 'Rajagaluh'),
(1144, 'Sindang'),
(1145, 'Sindangwangi'),
(1146, 'Sukahaji'),
(1147, 'Sumberjaya'),
(1148, 'Talaga'),
(1149, 'Cigugur'),
(1150, 'Cijulang'),
(1151, 'Cimerak'),
(1152, 'Kalipucang'),
(1153, 'Langkaplancar'),
(1154, 'Mangunjaya'),
(1155, 'Padaherang'),
(1156, 'Pangandaran'),
(1157, 'Parigi'),
(1158, 'Sidamulih'),
(1159, 'Babakancikao'),
(1160, 'Bojong'),
(1161, 'Bungursari'),
(1162, 'Campaka'),
(1163, 'Cibatu'),
(1164, 'Darangdan'),
(1165, 'Jatiluhur'),
(1166, 'Kiarapedes'),
(1167, 'Maniis'),
(1168, 'Pasawahan'),
(1169, 'Plered'),
(1170, 'Pondoksalam'),
(1171, 'Purwakarta'),
(1172, 'Sukasari'),
(1173, 'Sukatani'),
(1174, 'Tegal Waru'),
(1175, 'Wanayasa'),
(1176, 'Binong'),
(1177, 'Blanakan'),
(1178, 'Ciasem'),
(1179, 'Ciater'),
(1180, 'Cibogo'),
(1181, 'Cijambe'),
(1182, 'Cikaum'),
(1183, 'Cipeundeuy'),
(1184, 'Cipunagara'),
(1185, 'Cisalak'),
(1186, 'Compreng'),
(1187, 'Dawuan'),
(1188, 'Jalancagak'),
(1189, 'Kalijati'),
(1190, 'Kasomalang'),
(1191, 'Legonkulon'),
(1192, 'Pabuaran'),
(1193, 'Pagaden'),
(1194, 'Pagaden Barat'),
(1195, 'Pamanukan'),
(1196, 'Patokbeusi'),
(1197, 'Purwadadi'),
(1198, 'Pusakajaya'),
(1199, 'Pusakanagara'),
(1200, 'Sagalaherang'),
(1201, 'Serangpanjang'),
(1202, 'Subang'),
(1203, 'Sukasari'),
(1204, 'Tambakdahan'),
(1205, 'Tanjungsiang'),
(1206, 'Bantargadung'),
(1207, 'Bojong Genteng'),
(1208, 'Caringin'),
(1209, 'Ciambar'),
(1210, 'Cibadak'),
(1211, 'Cibitung'),
(1212, 'Cicantayan'),
(1213, 'Cicurug'),
(1214, 'Cidadap'),
(1215, 'Cidahu'),
(1216, 'Cidolog'),
(1217, 'Ciemas'),
(1218, 'Cikakak'),
(1219, 'Cikembar'),
(1220, 'Cikidang'),
(1221, 'Cimanggu'),
(1222, 'Ciracap'),
(1223, 'Cireunghas'),
(1224, 'Cisaat'),
(1225, 'Cisolok'),
(1226, 'Curugkembar'),
(1227, 'Geger Bitung'),
(1228, 'Gunungguruh'),
(1229, 'Jampang Kulon'),
(1230, 'Jampang Tengah'),
(1231, 'Kabandungan'),
(1232, 'Kadudampit'),
(1233, 'Kalapa Nunggal'),
(1234, 'Kalibunder'),
(1235, 'Kebonpedes'),
(1236, 'Lengkong'),
(1237, 'Nagrak'),
(1238, 'Nyalindung'),
(1239, 'Pabuaran'),
(1240, 'Parakan Salak'),
(1241, 'Parung Kuda'),
(1242, 'Baros'),
(1243, 'Cibeureum'),
(1244, 'Cikole'),
(1245, 'Citamiang'),
(1246, 'Gunung Puyuh'),
(1247, 'Lembursitu'),
(1248, 'Warudoyong'),
(1249, 'Buahdua'),
(1250, 'Cibugel'),
(1251, 'Cimalaka'),
(1252, 'Cimanggung'),
(1253, 'Cisarua'),
(1254, 'Cisitu'),
(1255, 'Conggeang'),
(1256, 'Darmaraja'),
(1257, 'Ganeas'),
(1258, 'Jatigede'),
(1259, 'Jatinangor'),
(1260, 'Jatinunggal'),
(1261, 'Pamulihan'),
(1262, 'Paseh'),
(1263, 'Rancakalong'),
(1264, 'Situraja'),
(1265, 'Sukasari'),
(1266, 'Sumedang Selatan'),
(1267, 'Sumedang Utara'),
(1268, 'Surian'),
(1269, 'Tanjungkerta'),
(1270, 'Tanjungmedar'),
(1271, 'Tanjungsari'),
(1272, 'Tomo'),
(1273, 'Ujungjaya'),
(1274, 'Wado'),
(1275, 'Bantarkalong'),
(1276, 'Bojongasih'),
(1277, 'Bojonggambir'),
(1278, 'Ciawi'),
(1279, 'Cibalong'),
(1280, 'Cigalontang'),
(1281, 'Cikalong'),
(1282, 'Cikatomas'),
(1283, 'Cineam'),
(1284, 'Cipatujah'),
(1285, 'Cisayong'),
(1286, 'Culamega'),
(1287, 'Gunung Tanjung'),
(1288, 'Jamanis'),
(1289, 'Jatiwaras'),
(1290, 'Kadipaten'),
(1291, 'Karang Jaya'),
(1292, 'Karangnunggal'),
(1293, 'Leuwisari'),
(1294, 'Mangunreja'),
(1295, 'Manonjaya'),
(1296, 'Padakembang'),
(1297, 'Pagerageung'),
(1298, 'Pancatengah'),
(1299, 'Parungponteng'),
(1300, 'Puspahiang'),
(1301, 'Rajapolah'),
(1302, 'Salawu'),
(1303, 'Salopa'),
(1304, 'Sariwangi'),
(1305, 'Singaparna'),
(1306, 'Sodonghilir'),
(1307, 'Sukahening'),
(1308, 'Sukaraja'),
(1309, 'Sukarame'),
(1310, 'Sukaratu'),
(1311, 'Bungursari'),
(1312, 'Cibeureum'),
(1313, 'Cihideung'),
(1314, 'Cipedes'),
(1315, 'Indihiang'),
(1316, 'Kawalu'),
(1317, 'Mangkubumi'),
(1318, 'Purbaratu'),
(1319, 'Tamansari'),
(1320, 'Tawang'),
(1321, 'Banjarmangu'),
(1322, 'Banjarnegara'),
(1323, 'Batur'),
(1324, 'Bawang'),
(1325, 'Kalibening'),
(1326, 'Karangkobar'),
(1327, 'Madukara'),
(1328, 'Mandiraja'),
(1329, 'Pagedongan'),
(1330, 'Pagentan'),
(1331, 'Pandanarum'),
(1332, 'Pejawaran'),
(1333, 'Punggelan'),
(1334, 'Purwonegoro'),
(1335, 'Purworejo Klampok'),
(1336, 'Rakit'),
(1337, 'Sigaluh'),
(1338, 'Susukan'),
(1339, 'Wanadadi (Wonodadi)'),
(1340, 'Wanayasa'),
(1341, 'Ajibarang'),
(1342, 'Banyumas'),
(1343, 'Baturaden'),
(1344, 'Cilongok'),
(1345, 'Gumelar'),
(1346, 'Jatilawang'),
(1347, 'Kalibagor'),
(1348, 'Karanglewas'),
(1349, 'Kebasen'),
(1350, 'Kedung Banteng'),
(1351, 'Kembaran'),
(1352, 'Kemranjen'),
(1353, 'Lumbir'),
(1354, 'Patikraja'),
(1355, 'Pekuncen'),
(1356, 'Purwojati'),
(1357, 'Purwokerto Barat'),
(1358, 'Purwokerto Selatan'),
(1359, 'Purwokerto Timur'),
(1360, 'Purwokerto Utara'),
(1361, 'Rawalo'),
(1362, 'Sokaraja'),
(1363, 'Somagede'),
(1364, 'Sumbang'),
(1365, 'Sumpiuh'),
(1366, 'Tambak'),
(1367, 'Wangon'),
(1368, 'Bandar'),
(1369, 'Banyuputih'),
(1370, 'Batang'),
(1371, 'Bawang'),
(1372, 'Blado'),
(1373, 'Gringsing'),
(1374, 'Kandeman'),
(1375, 'Limpung'),
(1376, 'Pecalungan'),
(1377, 'Reban'),
(1378, 'Subah'),
(1379, 'Tersono'),
(1380, 'Tulis'),
(1381, 'Warungasem'),
(1382, 'Wonotunggal'),
(1383, 'Banjarejo'),
(1384, 'Blora kota'),
(1385, 'Bogorejo'),
(1386, 'Cepu'),
(1387, 'Japah'),
(1388, 'Jati'),
(1389, 'Jepon'),
(1390, 'Jiken'),
(1391, 'Kedungtuban'),
(1392, 'Kradenan'),
(1393, 'Kunduran'),
(1394, 'Ngawen'),
(1395, 'Randublatung'),
(1396, 'Sambong'),
(1397, 'Todanan'),
(1398, 'Tunjungan'),
(1399, 'Ampel'),
(1400, 'Andong'),
(1401, 'Banyudono'),
(1402, 'Boyolali'),
(1403, 'Cepogo'),
(1404, 'Juwangi'),
(1405, 'Karanggede'),
(1406, 'Kemusu'),
(1407, 'Klego'),
(1408, 'Mojosongo'),
(1409, 'Musuk'),
(1410, 'Ngemplak'),
(1411, 'Nogosari'),
(1412, 'Sambi'),
(1413, 'Sawit'),
(1414, 'Selo'),
(1415, 'Simo'),
(1416, 'Teras'),
(1417, 'Wonosegoro'),
(1418, 'Banjarharjo'),
(1419, 'Bantarkawung'),
(1420, 'Brebes'),
(1421, 'Bulakamba'),
(1422, 'Bumiayu'),
(1423, 'Jatibarang'),
(1424, 'Kersana'),
(1425, 'Ketanggungan'),
(1426, 'Larangan'),
(1427, 'Losari'),
(1428, 'Paguyangan'),
(1429, 'Salem'),
(1430, 'Sirampog'),
(1431, 'Songgom'),
(1432, 'Tanjung'),
(1433, 'Tonjong'),
(1434, 'Wanasari'),
(1435, 'Adipala'),
(1436, 'Bantarsari'),
(1437, 'Binangun'),
(1438, 'Cilacap Selatan'),
(1439, 'Cilacap Tengah'),
(1440, 'Cilacap Utara'),
(1441, 'Cimanggu'),
(1442, 'Cipari'),
(1443, 'Dayeuhluhur'),
(1444, 'Gandrungmangu'),
(1445, 'Jeruklegi'),
(1446, 'Kampung Laut'),
(1447, 'Karangpucung'),
(1448, 'Kawunganten'),
(1449, 'Kedungreja'),
(1450, 'Kesugihan'),
(1451, 'Kroya'),
(1452, 'Majenang'),
(1453, 'Maos'),
(1454, 'Nusawungu'),
(1455, 'Patimuan'),
(1456, 'Sampang'),
(1457, 'Sidareja'),
(1458, 'Wanareja'),
(1459, 'Bonang'),
(1460, 'Demak'),
(1461, 'Dempet'),
(1462, 'Gajah'),
(1463, 'Guntur'),
(1464, 'Karang Tengah'),
(1465, 'Karanganyar'),
(1466, 'Karangawen'),
(1467, 'Kebonagung'),
(1468, 'Mijen'),
(1469, 'Mranggen'),
(1470, 'Sayung'),
(1471, 'Wedung'),
(1472, 'Wonosalam'),
(1473, 'Brati'),
(1474, 'Gabus'),
(1475, 'Geyer'),
(1476, 'Godong'),
(1477, 'Grobogan'),
(1478, 'Gubug'),
(1479, 'Karangrayung'),
(1480, 'Kedungjati'),
(1481, 'Klambu'),
(1482, 'Kradenan'),
(1483, 'Ngaringan'),
(1484, 'Penawangan'),
(1485, 'Pulokulon'),
(1486, 'Purwodadi'),
(1487, 'Tanggungharjo'),
(1488, 'Tawangharjo'),
(1489, 'Tegowanu'),
(1490, 'Toroh'),
(1491, 'Wirosari'),
(1492, 'Bangsri'),
(1493, 'Batealit'),
(1494, 'Donorojo'),
(1495, 'Jepara'),
(1496, 'Kalinyamatan'),
(1497, 'Karimunjawa'),
(1498, 'Kedung'),
(1499, 'Keling'),
(1500, 'Kembang'),
(1501, 'Mayong'),
(1502, 'Mlonggo'),
(1503, 'Nalumsari'),
(1504, 'Pakis Aji'),
(1505, 'Pecangaan'),
(1506, 'Tahunan'),
(1507, 'Welahan'),
(1508, 'Colomadu'),
(1509, 'Gondangrejo'),
(1510, 'Jaten'),
(1511, 'Jatipuro'),
(1512, 'Jatiyoso'),
(1513, 'Jenawi'),
(1514, 'Jumantono'),
(1515, 'Jumapolo'),
(1516, 'Karanganyar'),
(1517, 'Karangpandan'),
(1518, 'Kebakkramat'),
(1519, 'Kerjo'),
(1520, 'Matesih'),
(1521, 'Mojogedang'),
(1522, 'Ngargoyoso'),
(1523, 'Tasikmadu'),
(1524, 'Tawangmangu'),
(1525, 'Adimulyo'),
(1526, 'Alian/Aliyan'),
(1527, 'Ambal'),
(1528, 'Ayah'),
(1529, 'Bonorowo'),
(1530, 'Buayan'),
(1531, 'Buluspesantren'),
(1532, 'Gombong'),
(1533, 'Karanganyar'),
(1534, 'Karanggayam'),
(1535, 'Karangsambung'),
(1536, 'Kebumen'),
(1537, 'Klirong'),
(1538, 'Kutowinangun'),
(1539, 'Kuwarasan'),
(1540, 'Mirit'),
(1541, 'Padureso'),
(1542, 'Pejagoan'),
(1543, 'Petanahan'),
(1544, 'Poncowarno'),
(1545, 'Prembun'),
(1546, 'Puring'),
(1547, 'Rowokele'),
(1548, 'Sadang'),
(1549, 'Sempor'),
(1550, 'Sruweng'),
(1551, 'Boja'),
(1552, 'Brangsong'),
(1553, 'Cepiring'),
(1554, 'Gemuh'),
(1555, 'Kaliwungu'),
(1556, 'Kaliwungu Selatan'),
(1557, 'Kangkung'),
(1558, 'Kendal'),
(1559, 'Limbangan'),
(1560, 'Ngampel'),
(1561, 'Pagerruyung'),
(1562, 'Patean'),
(1563, 'Patebon'),
(1564, 'Pegandon'),
(1565, 'Plantungan'),
(1566, 'Ringinarum'),
(1567, 'Rowosari'),
(1568, 'Singorojo'),
(1569, 'Sukorejo'),
(1570, 'Weleri'),
(1571, 'Bayat'),
(1572, 'Cawas'),
(1573, 'Ceper'),
(1574, 'Delanggu'),
(1575, 'Gantiwarno'),
(1576, 'Jatinom'),
(1577, 'Jogonalan'),
(1578, 'Juwiring'),
(1579, 'Kalikotes'),
(1580, 'Karanganom'),
(1581, 'Karangdowo'),
(1582, 'Karangnongko'),
(1583, 'Kebonarum'),
(1584, 'Kemalang'),
(1585, 'Klaten Selatan'),
(1586, 'Klaten Tengah'),
(1587, 'Klaten Utara'),
(1588, 'Manisrenggo'),
(1589, 'Ngawen'),
(1590, 'Pedan'),
(1591, 'Polanharjo'),
(1592, 'Prambanan'),
(1593, 'Trucuk'),
(1594, 'Tulung'),
(1595, 'Wedi'),
(1596, 'Wonosari'),
(1597, 'Bae'),
(1598, 'Dawe'),
(1599, 'Gebog'),
(1600, 'Jati'),
(1601, 'Jekulo'),
(1602, 'Kaliwungu'),
(1603, 'Kudus Kota'),
(1604, 'Mejobo'),
(1605, 'Undaan'),
(1606, 'Bandongan'),
(1607, 'Borobudur'),
(1608, 'Candimulyo'),
(1609, 'Dukun'),
(1610, 'Grabag'),
(1611, 'Kajoran'),
(1612, 'Kaliangkrik'),
(1613, 'Mertoyudan'),
(1614, 'Mungkid'),
(1615, 'Muntilan'),
(1616, 'Ngablak'),
(1617, 'Ngluwar'),
(1618, 'Pakis'),
(1619, 'Salam'),
(1620, 'Salaman'),
(1621, 'Sawangan'),
(1622, 'Secang'),
(1623, 'Srumbung'),
(1624, 'Tegalrejo'),
(1625, 'Tempuran'),
(1626, 'Windusari'),
(1627, 'Magelang Selatan'),
(1628, 'Magelang Tengah'),
(1629, 'Magelang Utara'),
(1630, 'Batangan'),
(1631, 'Cluwak'),
(1632, 'Dukuhseti'),
(1633, 'Gabus'),
(1634, 'Gembong'),
(1635, 'Gunungwungkal'),
(1636, 'Jaken'),
(1637, 'Jakenan'),
(1638, 'Juwana'),
(1639, 'Kayen'),
(1640, 'Margorejo'),
(1641, 'Margoyoso'),
(1642, 'Pati'),
(1643, 'Pucakwangi'),
(1644, 'Sukolilo'),
(1645, 'Tambakromo'),
(1646, 'Tayu'),
(1647, 'Tlogowungu'),
(1648, 'Trangkil'),
(1649, 'Wedarijaksa'),
(1650, 'Winong'),
(1651, 'Bojong'),
(1652, 'Buaran'),
(1653, 'Doro'),
(1654, 'Kajen'),
(1655, 'Kandangserang'),
(1656, 'Karanganyar'),
(1657, 'Karangdadap'),
(1658, 'Kedungwuni'),
(1659, 'Kesesi'),
(1660, 'Lebakbarang'),
(1661, 'Paninggaran'),
(1662, 'Petungkriono/Petungkriyono'),
(1663, 'Siwalan'),
(1664, 'Sragi'),
(1665, 'Talun'),
(1666, 'Tirto'),
(1667, 'Wiradesa'),
(1668, 'Wonokerto'),
(1669, 'Wonopringgo'),
(1670, 'Pekalongan Barat'),
(1671, 'Pekalongan Selatan'),
(1672, 'Pekalongan Timur'),
(1673, 'Pekalongan Utara'),
(1674, 'Ampelgading'),
(1675, 'Bantarbolang'),
(1676, 'Belik'),
(1677, 'Bodeh'),
(1678, 'Comal'),
(1679, 'Moga'),
(1680, 'Pemalang'),
(1681, 'Petarukan'),
(1682, 'Pulosari'),
(1683, 'Randudongkal'),
(1684, 'Taman'),
(1685, 'Ulujami'),
(1686, 'Warungpring'),
(1687, 'Watukumpul'),
(1688, 'Bobotsari'),
(1689, 'Bojongsari'),
(1690, 'Bukateja'),
(1691, 'Kaligondang'),
(1692, 'Kalimanah'),
(1693, 'Karanganyar'),
(1694, 'Karangjambu'),
(1695, 'Karangmoncol'),
(1696, 'Karangreja'),
(1697, 'Kejobong'),
(1698, 'Kemangkon'),
(1699, 'Kertanegara'),
(1700, 'Kutasari'),
(1701, 'Mrebet'),
(1702, 'Padamara'),
(1703, 'Pengadegan'),
(1704, 'Purbalingga'),
(1705, 'Rembang'),
(1706, 'Bagelen'),
(1707, 'Banyuurip'),
(1708, 'Bayan'),
(1709, 'Bener'),
(1710, 'Bruno'),
(1711, 'Butuh'),
(1712, 'Gebang'),
(1713, 'Grabag'),
(1714, 'Kaligesing'),
(1715, 'Kemiri'),
(1716, 'Kutoarjo'),
(1717, 'Loano'),
(1718, 'Ngombol'),
(1719, 'Pituruh'),
(1720, 'Purwodadi'),
(1721, 'Purworejo'),
(1722, 'Bulu'),
(1723, 'Gunem'),
(1724, 'Kaliori'),
(1725, 'Kragan'),
(1726, 'Lasem'),
(1727, 'Pamotan'),
(1728, 'Pancur'),
(1729, 'Rembang'),
(1730, 'Sale'),
(1731, 'Sarang'),
(1732, 'Sedan'),
(1733, 'Sluke'),
(1734, 'Sulang'),
(1735, 'Sumber'),
(1736, 'Argomulyo'),
(1737, 'Sidomukti'),
(1738, 'Sidorejo'),
(1739, 'Tingkir'),
(1740, 'Ambarawa'),
(1741, 'Bancak'),
(1742, 'Bandungan'),
(1743, 'Banyubiru'),
(1744, 'Bawen'),
(1745, 'Bergas'),
(1746, 'Bringin'),
(1747, 'Getasan'),
(1748, 'Jambu'),
(1749, 'Kaliwungu'),
(1750, 'Pabelan'),
(1751, 'Pringapus'),
(1752, 'Sumowono'),
(1753, 'Suruh'),
(1754, 'Susukan'),
(1755, 'Tengaran'),
(1756, 'Tuntang'),
(1757, 'Ungaran Barat'),
(1758, 'Ungaran Timur'),
(1759, 'Banyumanik'),
(1760, 'Candisari'),
(1761, 'Gajah Mungkur'),
(1762, 'Gayamsari'),
(1763, 'Genuk'),
(1764, 'Gunungpati'),
(1765, 'Mijen'),
(1766, 'Ngaliyan'),
(1767, 'Pedurungan'),
(1768, 'Semarang Barat'),
(1769, 'Semarang Selatan'),
(1770, 'Semarang Tengah'),
(1771, 'Semarang Timur'),
(1772, 'Semarang Utara'),
(1773, 'Tembalang'),
(1774, 'Tugu'),
(1775, 'Gemolong'),
(1776, 'Gesi'),
(1777, 'Gondang'),
(1778, 'Jenar'),
(1779, 'Kalijambe'),
(1780, 'Karangmalang'),
(1781, 'Kedawung'),
(1782, 'Masaran'),
(1783, 'Miri'),
(1784, 'Mondokan'),
(1785, 'Ngrampal'),
(1786, 'Plupuh'),
(1787, 'Sambirejo'),
(1788, 'Sambung Macan'),
(1789, 'Sidoharjo'),
(1790, 'Sragen'),
(1791, 'Sukodono'),
(1792, 'Sumberlawang'),
(1793, 'Tangen'),
(1794, 'Tanon'),
(1795, 'Baki'),
(1796, 'Bendosari'),
(1797, 'Bulu'),
(1798, 'Gatak'),
(1799, 'Grogol'),
(1800, 'Kartasura'),
(1801, 'Mojolaban'),
(1802, 'Nguter'),
(1803, 'Polokarto'),
(1804, 'Sukoharjo'),
(1805, 'Tawangsari'),
(1806, 'Weru'),
(1807, 'Banjarsari'),
(1808, 'Jebres'),
(1809, 'Laweyan'),
(1810, 'Pasar Kliwon'),
(1811, 'Serengan'),
(1812, 'Adiwerna'),
(1813, 'Balapulang'),
(1814, 'Bojong'),
(1815, 'Bumijawa'),
(1816, 'Dukuhturi'),
(1817, 'Dukuhwaru'),
(1818, 'Jatinegara'),
(1819, 'Kedung Banteng'),
(1820, 'Kramat'),
(1821, 'Lebaksiu'),
(1822, 'Margasari'),
(1823, 'Pagerbarang'),
(1824, 'Pangkah'),
(1825, 'Slawi'),
(1826, 'Surodadi'),
(1827, 'Talang'),
(1828, 'Tarub'),
(1829, 'Warurejo'),
(1830, 'Margadana'),
(1831, 'Tegal Barat'),
(1832, 'Tegal Selatan'),
(1833, 'Tegal Timur'),
(1834, 'Bansari'),
(1835, 'Bejen'),
(1836, 'Bulu'),
(1837, 'Candiroto'),
(1838, 'Gemawang'),
(1839, 'Jumo'),
(1840, 'Kaloran'),
(1841, 'Kandangan'),
(1842, 'Kedu'),
(1843, 'Kledung'),
(1844, 'Kranggan'),
(1845, 'Ngadirejo'),
(1846, 'Parakan'),
(1847, 'Pringsurat'),
(1848, 'Selopampang'),
(1849, 'Temanggung'),
(1850, 'Tembarak'),
(1851, 'Tlogomulyo'),
(1852, 'Tretep'),
(1853, 'Wonoboyo'),
(1854, 'Baturetno'),
(1855, 'Batuwarno'),
(1856, 'Bulukerto'),
(1857, 'Eromoko'),
(1858, 'Girimarto'),
(1859, 'Giritontro'),
(1860, 'Giriwoyo'),
(1861, 'Jatipurno'),
(1862, 'Jatiroto'),
(1863, 'Jatisrono'),
(1864, 'Karangtengah'),
(1865, 'Kismantoro'),
(1866, 'Manyaran'),
(1867, 'Ngadirojo'),
(1868, 'Nguntoronadi'),
(1869, 'Paranggupito'),
(1870, 'Pracimantoro'),
(1871, 'Puhpelem'),
(1872, 'Purwantoro'),
(1873, 'Selogiri'),
(1874, 'Sidoharjo'),
(1875, 'Slogohimo'),
(1876, 'Tirtomoyo'),
(1877, 'Wonogiri'),
(1878, 'Wuryantoro'),
(1879, 'Garung'),
(1880, 'Kalibawang'),
(1881, 'Kalikajar'),
(1882, 'Kaliwiro'),
(1883, 'Kejajar'),
(1884, 'Kepil'),
(1885, 'Kertek'),
(1886, 'Leksono'),
(1887, 'Mojotengah'),
(1888, 'Sapuran'),
(1889, 'Selomerto'),
(1890, 'Sukoharjo'),
(1891, 'Wadaslintang'),
(1892, 'Watumalang'),
(1893, 'Wonosobo'),
(1894, 'Arosbaya'),
(1895, 'Bangkalan'),
(1896, 'Blega'),
(1897, 'Burneh'),
(1898, 'Galis'),
(1899, 'Geger'),
(1900, 'Kamal'),
(1901, 'Klampis'),
(1902, 'Kokop'),
(1903, 'Konang'),
(1904, 'Kwanyar'),
(1905, 'Labang'),
(1906, 'Modung'),
(1907, 'Sepulu'),
(1908, 'Socah'),
(1909, 'Tanah Merah'),
(1910, 'Tanjungbumi'),
(1911, 'Tragah'),
(1912, 'Bangorejo'),
(1913, 'Banyuwangi'),
(1914, 'Cluring'),
(1915, 'Gambiran'),
(1916, 'Genteng'),
(1917, 'Giri'),
(1918, 'Glagah'),
(1919, 'Glenmore'),
(1920, 'Kabat'),
(1921, 'Kalibaru'),
(1922, 'Kalipuro'),
(1923, 'Licin'),
(1924, 'Muncar'),
(1925, 'Pesanggaran'),
(1926, 'Purwoharjo'),
(1927, 'Rogojampi'),
(1928, 'Sempu'),
(1929, 'Siliragung'),
(1930, 'Singojuruh'),
(1931, 'Songgon'),
(1932, 'Srono'),
(1933, 'Tegaldlimo'),
(1934, 'Tegalsari'),
(1935, 'Wongsorejo'),
(1936, 'Batu'),
(1937, 'Bumiaji'),
(1938, 'Junrejo'),
(1939, 'Bakung'),
(1940, 'Binangun'),
(1941, 'Doko'),
(1942, 'Gandusari'),
(1943, 'Garum'),
(1944, 'Kademangan'),
(1945, 'Kanigoro'),
(1946, 'Kesamben'),
(1947, 'Nglegok'),
(1948, 'Panggungrejo'),
(1949, 'Ponggok'),
(1950, 'Sanan Kulon'),
(1951, 'Selopuro'),
(1952, 'Selorejo'),
(1953, 'Srengat'),
(1954, 'Sutojayan'),
(1955, 'Talun'),
(1956, 'Udanawu'),
(1957, 'Wates'),
(1958, 'Wlingi'),
(1959, 'Wonodadi'),
(1960, 'Wonotirto'),
(1961, 'Kepanjen Kidul'),
(1962, 'Sanan Wetan'),
(1963, 'Sukorejo'),
(1964, 'Balen'),
(1965, 'Baureno'),
(1966, 'Bojonegoro'),
(1967, 'Bubulan'),
(1968, 'Dander'),
(1969, 'Gayam'),
(1970, 'Gondang'),
(1971, 'Kalitidu'),
(1972, 'Kanor'),
(1973, 'Kapas'),
(1974, 'Kasiman'),
(1975, 'Kedewan'),
(1976, 'Kedungadem'),
(1977, 'Kepoh Baru'),
(1978, 'Malo'),
(1979, 'Margomulyo'),
(1980, 'Ngambon'),
(1981, 'Ngasem'),
(1982, 'Ngraho'),
(1983, 'Padangan'),
(1984, 'Purwosari'),
(1985, 'Sekar'),
(1986, 'Sugihwaras'),
(1987, 'Sukosewu'),
(1988, 'Sumberrejo'),
(1989, 'Tambakrejo'),
(1990, 'Temayang'),
(1991, 'Trucuk'),
(1992, 'Binakal'),
(1993, 'Bondowoso'),
(1994, 'Botolinggo'),
(1995, 'Cermee'),
(1996, 'Curahdami'),
(1997, 'Grujugan'),
(1998, 'Jambe Sari Darus Sholah'),
(1999, 'Klabang'),
(2000, 'Maesan'),
(2001, 'Pakem'),
(2002, 'Prajekan'),
(2003, 'Pujer'),
(2004, 'Sempol'),
(2005, 'Sukosari'),
(2006, 'Sumber Wringin'),
(2007, 'Taman Krocok'),
(2008, 'Tamanan'),
(2009, 'Tapen'),
(2010, 'Tegalampel'),
(2011, 'Tenggarang'),
(2012, 'Tlogosari'),
(2013, 'Wonosari'),
(2014, 'Wringin'),
(2015, 'Balong Panggang'),
(2016, 'Benjeng'),
(2017, 'Bungah'),
(2018, 'Cerme'),
(2019, 'Driyorejo'),
(2020, 'Duduk Sampeyan'),
(2021, 'Dukun'),
(2022, 'Gresik'),
(2023, 'Kebomas'),
(2024, 'Kedamean'),
(2025, 'Manyar'),
(2026, 'Menganti'),
(2027, 'Panceng'),
(2028, 'Sangkapura'),
(2029, 'Sidayu'),
(2030, 'Tambak'),
(2031, 'Ujung Pangkah'),
(2032, 'Wringin Anom'),
(2033, 'Ajung'),
(2034, 'Ambulu'),
(2035, 'Arjasa'),
(2036, 'Balung'),
(2037, 'Bangsalsari'),
(2038, 'Gumuk Mas'),
(2039, 'Jelbuk'),
(2040, 'Jenggawah'),
(2041, 'Jombang'),
(2042, 'Kalisat'),
(2043, 'Kaliwates'),
(2044, 'Kencong'),
(2045, 'Ledokombo'),
(2046, 'Mayang'),
(2047, 'Mumbulsari'),
(2048, 'Pakusari'),
(2049, 'Panti'),
(2050, 'Patrang'),
(2051, 'Puger'),
(2052, 'Rambipuji'),
(2053, 'Semboro'),
(2054, 'Silo'),
(2055, 'Sukorambi'),
(2056, 'Sukowono'),
(2057, 'Sumber Baru'),
(2058, 'Sumber Jambe'),
(2059, 'Sumber Sari'),
(2060, 'Tanggul'),
(2061, 'Tempurejo'),
(2062, 'Umbulsari'),
(2063, 'Wuluhan'),
(2064, 'Bandar Kedung Mulyo'),
(2065, 'Bareng'),
(2066, 'Diwek'),
(2067, 'Gudo'),
(2068, 'Jogoroto'),
(2069, 'Jombang'),
(2070, 'Kabuh'),
(2071, 'Kesamben'),
(2072, 'Kudu'),
(2073, 'Megaluh'),
(2074, 'Mojoagung'),
(2075, 'Mojowarno'),
(2076, 'Ngoro'),
(2077, 'Ngusikan'),
(2078, 'Perak'),
(2079, 'Peterongan'),
(2080, 'Plandaan'),
(2081, 'Ploso'),
(2082, 'Sumobito'),
(2083, 'Tembelang'),
(2084, 'Wonosalam'),
(2085, 'Badas'),
(2086, 'Banyakan'),
(2087, 'Gampengrejo'),
(2088, 'Grogol'),
(2089, 'Gurah'),
(2090, 'Kandangan'),
(2091, 'Kandat'),
(2092, 'Kayen Kidul'),
(2093, 'Kepung'),
(2094, 'Kras'),
(2095, 'Kunjang'),
(2096, 'Mojo'),
(2097, 'Ngadiluwih'),
(2098, 'Ngancar'),
(2099, 'Ngasem'),
(2100, 'Pagu'),
(2101, 'Papar'),
(2102, 'Pare'),
(2103, 'Plemahan'),
(2104, 'Plosoklaten'),
(2105, 'Puncu'),
(2106, 'Purwoasri'),
(2107, 'Ringinrejo'),
(2108, 'Semen'),
(2109, 'Tarokan'),
(2110, 'Wates'),
(2111, 'Kediri Kota'),
(2112, 'Mojoroto'),
(2113, 'Pesantren'),
(2114, 'Babat'),
(2115, 'Bluluk'),
(2116, 'Brondong'),
(2117, 'Deket'),
(2118, 'Glagah'),
(2119, 'Kalitengah'),
(2120, 'Karang Geneng'),
(2121, 'Karangbinangun'),
(2122, 'Kedungpring'),
(2123, 'Kembangbahu'),
(2124, 'Lamongan'),
(2125, 'Laren'),
(2126, 'Maduran'),
(2127, 'Mantup'),
(2128, 'Modo'),
(2129, 'Ngimbang'),
(2130, 'Paciran'),
(2131, 'Pucuk'),
(2132, 'Sambeng'),
(2133, 'Sarirejo'),
(2134, 'Sekaran'),
(2135, 'Solokuro'),
(2136, 'Sugio'),
(2137, 'Sukodadi'),
(2138, 'Sukorame'),
(2139, 'Tikung'),
(2140, 'Turi'),
(2141, 'Candipuro'),
(2142, 'Gucialit'),
(2143, 'Jatiroto'),
(2144, 'Kedungjajang'),
(2145, 'Klakah'),
(2146, 'Kunir'),
(2147, 'Lumajang'),
(2148, 'Padang'),
(2149, 'Pasirian'),
(2150, 'Pasrujambe/Pasujambe'),
(2151, 'Pronojiwo'),
(2152, 'Randuagung'),
(2153, 'Ranuyoso'),
(2154, 'Rowokangkung'),
(2155, 'Senduro'),
(2156, 'Sukodono'),
(2157, 'Sumbersuko'),
(2158, 'Tekung'),
(2159, 'Tempeh'),
(2160, 'Tempursari'),
(2161, 'Yosowilangun'),
(2162, 'Balerejo'),
(2163, 'Dagangan'),
(2164, 'Dolopo'),
(2165, 'Geger'),
(2166, 'Gemarang'),
(2167, 'Jiwan'),
(2168, 'Kare'),
(2169, 'Kebonsari'),
(2170, 'Madiun'),
(2171, 'Mejayan'),
(2172, 'Pilangkenceng'),
(2173, 'Saradan'),
(2174, 'Sawahan'),
(2175, 'Wonoasri'),
(2176, 'Wungu'),
(2177, 'Kartoharjo'),
(2178, 'Manguharjo'),
(2179, 'Taman'),
(2180, 'Barat'),
(2181, 'Bendo'),
(2182, 'Karangrejo'),
(2183, 'Karas'),
(2184, 'Kartoharjo (Kertoharjo)'),
(2185, 'Kawedanan'),
(2186, 'Lembeyan'),
(2187, 'Magetan'),
(2188, 'Maospati'),
(2189, 'Ngariboyo'),
(2190, 'Nguntoronadi'),
(2191, 'Panekan'),
(2192, 'Parang'),
(2193, 'Plaosan'),
(2194, 'Poncol'),
(2195, 'Sidorejo'),
(2196, 'Sukomoro'),
(2197, 'Takeran'),
(2198, 'Ampelgading'),
(2199, 'Bantur'),
(2200, 'Bululawang'),
(2201, 'Dampit'),
(2202, 'Dau'),
(2203, 'Donomulyo'),
(2204, 'Gedangan'),
(2205, 'Gondanglegi'),
(2206, 'Jabung'),
(2207, 'Kalipare'),
(2208, 'Karangploso'),
(2209, 'Kasembon'),
(2210, 'Kepanjen'),
(2211, 'Kromengan'),
(2212, 'Lawang'),
(2213, 'Ngajung (Ngajum)'),
(2214, 'Ngantang'),
(2215, 'Pagak'),
(2216, 'Pagelaran'),
(2217, 'Pakis'),
(2218, 'Pakisaji'),
(2219, 'Poncokusumo'),
(2220, 'Pujon'),
(2221, 'Singosari'),
(2222, 'Sumbermanjing Wetan'),
(2223, 'Sumberpucung'),
(2224, 'Tajinan'),
(2225, 'Tirtoyudo'),
(2226, 'Tumpang'),
(2227, 'Turen'),
(2228, 'Wagir'),
(2229, 'Wajak'),
(2230, 'Wonosari'),
(2231, 'Blimbing'),
(2232, 'Kedungkandang'),
(2233, 'Klojen'),
(2234, 'Lowokwaru'),
(2235, 'Sukun'),
(2236, 'Bangsal'),
(2237, 'Dawar Blandong'),
(2238, 'Dlanggu'),
(2239, 'Gedeg'),
(2240, 'Gondang'),
(2241, 'Jatirejo'),
(2242, 'Jetis'),
(2243, 'Kemlagi'),
(2244, 'Kutorejo'),
(2245, 'Mojoanyar'),
(2246, 'Mojosari'),
(2247, 'Ngoro'),
(2248, 'Pacet'),
(2249, 'Pungging'),
(2250, 'Puri'),
(2251, 'Sooko'),
(2252, 'Trawas'),
(2253, 'Trowulan'),
(2254, 'Magersari'),
(2255, 'Prajurit Kulon'),
(2256, 'Bagor'),
(2257, 'Baron'),
(2258, 'Berbek'),
(2259, 'Gondang'),
(2260, 'Jatikalen'),
(2261, 'Kertosono'),
(2262, 'Lengkong'),
(2263, 'Loceret'),
(2264, 'Nganjuk'),
(2265, 'Ngetos'),
(2266, 'Ngluyu'),
(2267, 'Ngronggot'),
(2268, 'Pace'),
(2269, 'Patianrowo'),
(2270, 'Prambon'),
(2271, 'Rejoso'),
(2272, 'Sawahan'),
(2273, 'Sukomoro'),
(2274, 'Tanjunganom'),
(2275, 'Wilangan'),
(2276, 'Bringin'),
(2277, 'Geneng'),
(2278, 'Gerih'),
(2279, 'Jogorogo'),
(2280, 'Karanganyar'),
(2281, 'Karangjati'),
(2282, 'Kasreman'),
(2283, 'Kedunggalar'),
(2284, 'Kendal'),
(2285, 'Kwadungan'),
(2286, 'Mantingan'),
(2287, 'Ngawi'),
(2288, 'Ngrambe'),
(2289, 'Padas'),
(2290, 'Pangkur'),
(2291, 'Paron'),
(2292, 'Pitu'),
(2293, 'Sine'),
(2294, 'Widodaren'),
(2295, 'Arjosari'),
(2296, 'Bandar'),
(2297, 'Donorojo'),
(2298, 'Kebon Agung'),
(2299, 'Nawangan'),
(2300, 'Ngadirojo'),
(2301, 'Pacitan'),
(2302, 'Pringkuku'),
(2303, 'Punung'),
(2304, 'Sudimoro'),
(2305, 'Tegalombo'),
(2306, 'Tulakan'),
(2307, 'Batumarmar'),
(2308, 'Galis'),
(2309, 'Kadur'),
(2310, 'Larangan'),
(2311, 'Pademawu'),
(2312, 'Pakong'),
(2313, 'Palenga&#039;an'),
(2314, 'Pamekasan'),
(2315, 'Pasean'),
(2316, 'Pegantenan'),
(2317, 'Proppo'),
(2318, 'Tlanakan'),
(2319, 'Waru'),
(2320, 'Bangil'),
(2321, 'Beji'),
(2322, 'Gempol'),
(2323, 'Gondang Wetan'),
(2324, 'Grati'),
(2325, 'Kejayan'),
(2326, 'Kraton'),
(2327, 'Lekok'),
(2328, 'Lumbang'),
(2329, 'Nguling'),
(2330, 'Pandaan'),
(2331, 'Pasrepan'),
(2332, 'Pohjentrek'),
(2333, 'Prigen'),
(2334, 'Purwodadi'),
(2335, 'Purwosari'),
(2336, 'Puspo'),
(2337, 'Rejoso'),
(2338, 'Rembang'),
(2339, 'Sukorejo'),
(2340, 'Tosari'),
(2341, 'Tutur'),
(2342, 'Winongan'),
(2343, 'Wonorejo'),
(2344, 'Bugul Kidul'),
(2345, 'Gadingrejo'),
(2346, 'Panggungrejo'),
(2347, 'Purworejo'),
(2348, 'Babadan'),
(2349, 'Badegan'),
(2350, 'Balong'),
(2351, 'Bungkal'),
(2352, 'Jambon'),
(2353, 'Jenangan'),
(2354, 'Jetis'),
(2355, 'Kauman'),
(2356, 'Mlarak'),
(2357, 'Ngebel'),
(2358, 'Ngrayun'),
(2359, 'Ponorogo'),
(2360, 'Pudak'),
(2361, 'Pulung'),
(2362, 'Sambit'),
(2363, 'Sampung'),
(2364, 'Sawoo'),
(2365, 'Siman'),
(2366, 'Slahung'),
(2367, 'Sooko'),
(2368, 'Sukorejo'),
(2369, 'Bantaran'),
(2370, 'Banyu Anyar'),
(2371, 'Besuk'),
(2372, 'Dringu'),
(2373, 'Gading'),
(2374, 'Gending'),
(2375, 'Kota Anyar'),
(2376, 'Kraksaan'),
(2377, 'Krejengan'),
(2378, 'Krucil'),
(2379, 'Kuripan'),
(2380, 'Leces'),
(2381, 'Lumbang'),
(2382, 'Maron'),
(2383, 'Paiton'),
(2384, 'Pajarakan'),
(2385, 'Pakuniran'),
(2386, 'Sukapura'),
(2387, 'Sumber'),
(2388, 'Sumberasih'),
(2389, 'Tegal Siwalan'),
(2390, 'Tiris'),
(2391, 'Tongas'),
(2392, 'Wonomerto'),
(2393, 'Kademangan'),
(2394, 'Kanigaran'),
(2395, 'Kedopok (Kedopak)'),
(2396, 'Mayangan'),
(2397, 'Wonoasih'),
(2398, 'Banyuates'),
(2399, 'Camplong'),
(2400, 'Jrengik'),
(2401, 'Karang Penang'),
(2402, 'Kedungdung'),
(2403, 'Ketapang'),
(2404, 'Omben'),
(2405, 'Pangarengan'),
(2406, 'Robatal'),
(2407, 'Sampang'),
(2408, 'Sokobanah'),
(2409, 'Sreseh'),
(2410, 'Tambelangan'),
(2411, 'Torjun'),
(2412, 'Balongbendo'),
(2413, 'Buduran'),
(2414, 'Candi'),
(2415, 'Gedangan'),
(2416, 'Jabon'),
(2417, 'Krembung'),
(2418, 'Krian'),
(2419, 'Porong'),
(2420, 'Prambon'),
(2421, 'Sedati'),
(2422, 'Sidoarjo'),
(2423, 'Sukodono'),
(2424, 'Taman'),
(2425, 'Tanggulangin'),
(2426, 'Tarik'),
(2427, 'Tulangan'),
(2428, 'Waru'),
(2429, 'Wonoayu'),
(2430, 'Arjasa'),
(2431, 'Asembagus'),
(2432, 'Banyuglugur'),
(2433, 'Banyuputih'),
(2434, 'Besuki'),
(2435, 'Bungatan'),
(2436, 'Jangkar'),
(2437, 'Jatibanteng'),
(2438, 'Kapongan'),
(2439, 'Kendit'),
(2440, 'Mangaran'),
(2441, 'Mlandingan'),
(2442, 'Panarukan'),
(2443, 'Panji'),
(2444, 'Situbondo'),
(2445, 'Suboh'),
(2446, 'Sumbermalang'),
(2447, 'Ambunten'),
(2448, 'Arjasa'),
(2449, 'Batang Batang'),
(2450, 'Batuan'),
(2451, 'Batuputih'),
(2452, 'Bluto'),
(2453, 'Dasuk'),
(2454, 'Dungkek'),
(2455, 'Ganding'),
(2456, 'Gapura'),
(2457, 'Gayam'),
(2458, 'Gili Ginting'),
(2459, 'Guluk Guluk'),
(2460, 'Kalianget'),
(2461, 'Kangayan'),
(2462, 'Kota Sumenep'),
(2463, 'Lenteng'),
(2464, 'Manding'),
(2465, 'Masalembu'),
(2466, 'Nonggunong'),
(2467, 'Pasongsongan'),
(2468, 'Pragaan'),
(2469, 'Ra&#039;as'),
(2470, 'Rubaru'),
(2471, 'Sapeken'),
(2472, 'Saronggi'),
(2473, 'Talango'),
(2474, 'Asemrowo'),
(2475, 'Benowo'),
(2476, 'Bubutan'),
(2477, 'Bulak'),
(2478, 'Dukuh Pakis'),
(2479, 'Gayungan'),
(2480, 'Genteng'),
(2481, 'Gubeng'),
(2482, 'Gununganyar'),
(2483, 'Jambangan'),
(2484, 'Karangpilang'),
(2485, 'Kenjeran'),
(2486, 'Krembangan'),
(2487, 'Lakarsantri'),
(2488, 'Mulyorejo'),
(2489, 'Pabean Cantikan'),
(2490, 'Pakal'),
(2491, 'Rungkut'),
(2492, 'Sambikerep'),
(2493, 'Sawahan'),
(2494, 'Semampir'),
(2495, 'Simokerto'),
(2496, 'Sukolilo'),
(2497, 'Sukomanunggal'),
(2498, 'Tambaksari'),
(2499, 'Tandes'),
(2500, 'Tegalsari'),
(2501, 'Tenggilis Mejoyo'),
(2502, 'Wiyung'),
(2503, 'Wonocolo'),
(2504, 'Wonokromo'),
(2505, 'Bengkayang'),
(2506, 'Capkala'),
(2507, 'Jagoi Babang'),
(2508, 'Ledo'),
(2509, 'Lembah Bawang'),
(2510, 'Lumar'),
(2511, 'Monterado'),
(2512, 'Samalantan'),
(2513, 'Sanggau Ledo'),
(2514, 'Seluas'),
(2515, 'Siding'),
(2516, 'Sungai Betung'),
(2517, 'Sungai Raya'),
(2518, 'Sungai Raya Kepulauan'),
(2519, 'Suti Semarang'),
(2520, 'Teriak'),
(2521, 'Tujuh Belas'),
(2522, 'Badau'),
(2523, 'Batang Lupar'),
(2524, 'Bika'),
(2525, 'Boyan Tanjung'),
(2526, 'Bunut Hilir'),
(2527, 'Bunut Hulu'),
(2528, 'Embaloh Hilir'),
(2529, 'Embaloh Hulu'),
(2530, 'Empanang'),
(2531, 'Hulu Gurung'),
(2532, 'Jongkong (Jengkong)'),
(2533, 'Kalis'),
(2534, 'Mentebah'),
(2535, 'Pengkadan (Batu Datu)'),
(2536, 'Puring Kencana'),
(2537, 'Putussibau Selatan'),
(2538, 'Putussibau Utara'),
(2539, 'Seberuang'),
(2540, 'Selimbau'),
(2541, 'Semitau'),
(2542, 'Silat Hilir'),
(2543, 'Silat Hulu'),
(2544, 'Suhaid'),
(2545, 'Kepulauan Karimata'),
(2546, 'Pulau Maya (Pulau Maya Karimata)'),
(2547, 'Seponti'),
(2548, 'Simpang Hilir'),
(2549, 'Sukadana'),
(2550, 'Teluk Batang'),
(2551, 'Air Upas'),
(2552, 'Benua Kayong'),
(2553, 'Delta Pawan'),
(2554, 'Hulu Sungai'),
(2555, 'Jelai Hulu'),
(2556, 'Kendawangan'),
(2557, 'Manis Mata'),
(2558, 'Marau'),
(2559, 'Matan Hilir Selatan'),
(2560, 'Matan Hilir Utara'),
(2561, 'Muara Pawan'),
(2562, 'Nanga Tayap'),
(2563, 'Pemahan'),
(2564, 'Sandai'),
(2565, 'Simpang Dua'),
(2566, 'Simpang Hulu'),
(2567, 'Singkup'),
(2568, 'Sungai Laur'),
(2569, 'Sungai Melayu Rayak'),
(2570, 'Tumbang Titi'),
(2571, 'Batu Ampar'),
(2572, 'Kuala Mandor B'),
(2573, 'Kubu'),
(2574, 'Rasau Jaya'),
(2575, 'Sungai Ambawang'),
(2576, 'Sungai Kakap'),
(2577, 'Sungai Raya'),
(2578, 'Teluk Pakedai'),
(2579, 'Terentang'),
(2580, 'Air Besar'),
(2581, 'Banyuke Hulu'),
(2582, 'Jelimpo'),
(2583, 'Kuala Behe'),
(2584, 'Mandor'),
(2585, 'Mempawah Hulu'),
(2586, 'Menjalin'),
(2587, 'Menyuke'),
(2588, 'Meranti'),
(2589, 'Ngabang'),
(2590, 'Sebangki'),
(2591, 'Sengah Temila'),
(2592, 'Sompak'),
(2593, 'Belimbing'),
(2594, 'Belimbing Hulu'),
(2595, 'Ella Hilir'),
(2596, 'Menukung'),
(2597, 'Nanga Pinoh'),
(2598, 'Pinoh Selatan'),
(2599, 'Pinoh Utara'),
(2600, 'Sayan'),
(2601, 'Sokan'),
(2602, 'Tanah Pinoh'),
(2603, 'Tanah Pinoh Barat'),
(2604, 'Anjongan'),
(2605, 'Mempawah Hilir'),
(2606, 'Mempawah Timur'),
(2607, 'Sadaniang'),
(2608, 'Segedong'),
(2609, 'Sei/Sungai Kunyit'),
(2610, 'Sei/Sungai Pinyuh'),
(2611, 'Siantan'),
(2612, 'Toho'),
(2613, 'Pontianak Barat'),
(2614, 'Pontianak Kota'),
(2615, 'Pontianak Selatan'),
(2616, 'Pontianak Tenggara'),
(2617, 'Pontianak Timur'),
(2618, 'Pontianak Utara'),
(2619, 'Galing'),
(2620, 'Jawai'),
(2621, 'Jawai Selatan'),
(2622, 'Paloh'),
(2623, 'Pemangkat'),
(2624, 'Sajad'),
(2625, 'Sajingan Besar'),
(2626, 'Salatiga'),
(2627, 'Sambas'),
(2628, 'Sebawi'),
(2629, 'Sejangkung'),
(2630, 'Selakau'),
(2631, 'Selakau Timur'),
(2632, 'Semparuk'),
(2633, 'Subah'),
(2634, 'Tangaran'),
(2635, 'Tebas'),
(2636, 'Tekarang'),
(2637, 'Teluk Keramat'),
(2638, 'Balai'),
(2639, 'Beduai (Beduwai)'),
(2640, 'Bonti'),
(2641, 'Entikong'),
(2642, 'Jangkang'),
(2643, 'Kapuas (Sanggau Kapuas)'),
(2644, 'Kembayan'),
(2645, 'Meliau'),
(2646, 'Mukok'),
(2647, 'Noyan'),
(2648, 'Parindu'),
(2649, 'Sekayam'),
(2650, 'Tayan Hilir'),
(2651, 'Tayan Hulu'),
(2652, 'Toba'),
(2653, 'Belitang'),
(2654, 'Belitang Hilir'),
(2655, 'Belitang Hulu'),
(2656, 'Nanga Mahap'),
(2657, 'Nanga Taman'),
(2658, 'Sekadau Hilir'),
(2659, 'Sekadau Hulu'),
(2660, 'Singkawang Barat'),
(2661, 'Singkawang Selatan'),
(2662, 'Singkawang Tengah'),
(2663, 'Singkawang Timur'),
(2664, 'Singkawang Utara'),
(2665, 'Ambalau'),
(2666, 'Binjai Hulu'),
(2667, 'Dedai'),
(2668, 'Kayan Hilir'),
(2669, 'Kayan Hulu'),
(2670, 'Kelam Permai'),
(2671, 'Ketungau Hilir'),
(2672, 'Ketungau Hulu'),
(2673, 'Ketungau Tengah'),
(2674, 'Sepauk'),
(2675, 'Serawai (Nanga Serawai)'),
(2676, 'Sintang'),
(2677, 'Sungai Tebelian'),
(2678, 'Tempunak'),
(2679, 'Awayan'),
(2680, 'Batu Mandi'),
(2681, 'Halong'),
(2682, 'Juai'),
(2683, 'Lampihong'),
(2684, 'Paringin'),
(2685, 'Paringin Selatan'),
(2686, 'Tebing Tinggi'),
(2687, 'Aluh-Aluh'),
(2688, 'Aranio'),
(2689, 'Astambul'),
(2690, 'Beruntung Baru'),
(2691, 'Gambut'),
(2692, 'Karang Intan'),
(2693, 'Kertak Hanyar'),
(2694, 'Martapura Barat'),
(2695, 'Martapura Kota'),
(2696, 'Martapura Timur'),
(2697, 'Mataraman'),
(2698, 'Pengaron'),
(2699, 'Peramasan');
INSERT INTO `l_kecamatan` (`id`, `kecamatan`) VALUES
(2700, 'Sambung Makmur'),
(2701, 'Sei/Sungai Pinang'),
(2702, 'Sei/Sungai Tabuk'),
(2703, 'Simpang Empat'),
(2704, 'Tatah Makmur'),
(2705, 'Telaga Bauntung'),
(2706, 'Banjar Baru Selatan'),
(2707, 'Banjar Baru Utara'),
(2708, 'Cempaka'),
(2709, 'Landasan Ulin'),
(2710, 'Liang Anggang'),
(2711, 'Banjarmasin Barat'),
(2712, 'Banjarmasin Selatan'),
(2713, 'Banjarmasin Tengah'),
(2714, 'Banjarmasin Timur'),
(2715, 'Banjarmasin Utara'),
(2716, 'Alalak'),
(2717, 'Anjir Muara'),
(2718, 'Anjir Pasar'),
(2719, 'Bakumpai'),
(2720, 'Barambai'),
(2721, 'Belawang'),
(2722, 'Cerbon'),
(2723, 'Jejangkit'),
(2724, 'Kuripan'),
(2725, 'Mandastana'),
(2726, 'Marabahan'),
(2727, 'Mekar Sari'),
(2728, 'Rantau Badauh'),
(2729, 'Tabukan'),
(2730, 'Tabunganen'),
(2731, 'Tamban'),
(2732, 'Wanaraya'),
(2733, 'Angkinang'),
(2734, 'Daha Barat'),
(2735, 'Daha Selatan'),
(2736, 'Daha Utara'),
(2737, 'Kalumpang (Kelumpang)'),
(2738, 'Kandangan'),
(2739, 'Loksado'),
(2740, 'Padang Batung'),
(2741, 'Simpur'),
(2742, 'Sungai Raya'),
(2743, 'Telaga Langsat'),
(2744, 'Barabai'),
(2745, 'Batang Alai Selatan'),
(2746, 'Batang Alai Timur'),
(2747, 'Batang Alai Utara'),
(2748, 'Batu Benawa'),
(2749, 'Hantakan'),
(2750, 'Haruyan'),
(2751, 'Labuan Amas Selatan'),
(2752, 'Labuan Amas Utara'),
(2753, 'Limpasu'),
(2754, 'Pandawan'),
(2755, 'Amuntai Selatan'),
(2756, 'Amuntai Tengah'),
(2757, 'Amuntai Utara'),
(2758, 'Babirik'),
(2759, 'Banjang'),
(2760, 'Danau Panggang'),
(2761, 'Haur Gading'),
(2762, 'Paminggir'),
(2763, 'Sungai Pandan'),
(2764, 'Sungai Tabukan'),
(2765, 'Hampang'),
(2766, 'Kelumpang Barat'),
(2767, 'Kelumpang Hilir'),
(2768, 'Kelumpang Hulu'),
(2769, 'Kelumpang Selatan'),
(2770, 'Kelumpang Tengah'),
(2771, 'Kelumpang Utara'),
(2772, 'Pamukan Barat'),
(2773, 'Pamukan Selatan'),
(2774, 'Pamukan Utara'),
(2775, 'Pulau Laut Barat'),
(2776, 'Pulau Laut Kepulauan'),
(2777, 'Pulau Laut Selatan'),
(2778, 'Pulau Laut Tanjung Selayar'),
(2779, 'Pulau Laut Tengah'),
(2780, 'Pulau Laut Timur'),
(2781, 'Pulau Laut Utara'),
(2782, 'Pulau Sebuku'),
(2783, 'Pulau Sembilan'),
(2784, 'Sampanahan'),
(2785, 'Sungai Durian'),
(2786, 'Banua Lawas'),
(2787, 'Bintang Ara'),
(2788, 'Haruai'),
(2789, 'Jaro'),
(2790, 'Kelua (Klua)'),
(2791, 'Muara Harus'),
(2792, 'Muara Uya'),
(2793, 'Murung Pudak'),
(2794, 'Pugaan'),
(2795, 'Tanjung'),
(2796, 'Tanta'),
(2797, 'Upau'),
(2798, 'Angsana'),
(2799, 'Batulicin'),
(2800, 'Karang Bintang'),
(2801, 'Kuranji'),
(2802, 'Kusan Hilir'),
(2803, 'Kusan Hulu'),
(2804, 'Mantewe'),
(2805, 'Satui'),
(2806, 'Simpang Empat'),
(2807, 'Sungai Loban'),
(2808, 'Bajuin'),
(2809, 'Bati-Bati'),
(2810, 'Batu Ampar'),
(2811, 'Bumi Makmur'),
(2812, 'Jorong'),
(2813, 'Kintap'),
(2814, 'Kurau'),
(2815, 'Panyipatan'),
(2816, 'Pelaihari'),
(2817, 'Takisung'),
(2818, 'Tambang Ulang'),
(2819, 'Bakarangan'),
(2820, 'Binuang'),
(2821, 'Bungur'),
(2822, 'Candi Laras Selatan'),
(2823, 'Candi Laras Utara'),
(2824, 'Hatungun'),
(2825, 'Lokpaikat'),
(2826, 'Piani'),
(2827, 'Salam Babaris'),
(2828, 'Tapin Selatan'),
(2829, 'Tapin Tengah'),
(2830, 'Tapin Utara'),
(2831, 'Dusun Hilir'),
(2832, 'Dusun Selatan'),
(2833, 'Dusun Utara'),
(2834, 'Gunung Bintang Awai'),
(2835, 'Jenamas'),
(2836, 'Karau Kuala'),
(2837, 'Awang'),
(2838, 'Benua Lima'),
(2839, 'Dusun Tengah'),
(2840, 'Dusun Timur'),
(2841, 'Karusen Janang'),
(2842, 'Paju Epat'),
(2843, 'Paku'),
(2844, 'Patangkep Tutui'),
(2845, 'Pematang Karau'),
(2846, 'Raren Batuah'),
(2847, 'Gunung Purei'),
(2848, 'Gunung Timang'),
(2849, 'Lahei'),
(2850, 'Lahei Barat'),
(2851, 'Montallat (Montalat)'),
(2852, 'Teweh Baru'),
(2853, 'Teweh Selatan'),
(2854, 'Teweh Tengah'),
(2855, 'Teweh Timur'),
(2856, 'Damang Batu'),
(2857, 'Kahayan Hulu Utara'),
(2858, 'Kurun'),
(2859, 'Manuhing'),
(2860, 'Manuhing Raya'),
(2861, 'Mihing Raya'),
(2862, 'Miri Manasa'),
(2863, 'Rungan'),
(2864, 'Rungan Barat'),
(2865, 'Rungan Hulu'),
(2866, 'Sepang (Sepang Simin)'),
(2867, 'Tewah'),
(2868, 'Basarang'),
(2869, 'Bataguh'),
(2870, 'Dadahup'),
(2871, 'Kapuas Barat'),
(2872, 'Kapuas Hilir'),
(2873, 'Kapuas Hulu'),
(2874, 'Kapuas Kuala'),
(2875, 'Kapuas Murung'),
(2876, 'Kapuas Tengah'),
(2877, 'Kapuas Timur'),
(2878, 'Mandau Talawang'),
(2879, 'Mantangai'),
(2880, 'Pasak Talawang'),
(2881, 'Pulau Petak'),
(2882, 'Selat'),
(2883, 'Tamban Catur'),
(2884, 'Timpah'),
(2885, 'Bukit Raya'),
(2886, 'Kamipang'),
(2887, 'Katingan Hilir'),
(2888, 'Katingan Hulu'),
(2889, 'Katingan Kuala'),
(2890, 'Katingan Tengah'),
(2891, 'Marikit'),
(2892, 'Mendawai'),
(2893, 'Petak Malai'),
(2894, 'Pulau Malan'),
(2895, 'Sanaman Mantikei (Senamang Mantikei)'),
(2896, 'Tasik Payawan'),
(2897, 'Tewang Sanggalang Garing (Sangalang)'),
(2898, 'Arut Selatan'),
(2899, 'Arut Utara'),
(2900, 'Kotawaringin Lama'),
(2901, 'Kumai'),
(2902, 'Pangkalan Banteng'),
(2903, 'Pangkalan Lada'),
(2904, 'Antang Kalang'),
(2905, 'Baamang'),
(2906, 'Bukit Santuei'),
(2907, 'Cempaga'),
(2908, 'Cempaga Hulu'),
(2909, 'Kota Besi'),
(2910, 'Mentawa Baru Ketapang'),
(2911, 'Mentaya Hilir Selatan'),
(2912, 'Mentaya Hilir Utara'),
(2913, 'Mentaya Hulu'),
(2914, 'Parenggean'),
(2915, 'Pulau Hanaut'),
(2916, 'Seranau'),
(2917, 'Telaga Antang'),
(2918, 'Telawang'),
(2919, 'Teluk Sampit'),
(2920, 'Tualan Hulu'),
(2921, 'Batang Kawa'),
(2922, 'Belantikan Raya'),
(2923, 'Bulik'),
(2924, 'Bulik Timur'),
(2925, 'Delang'),
(2926, 'Lamandau'),
(2927, 'Menthobi Raya'),
(2928, 'Sematu Jaya'),
(2929, 'Barito Tuhup Raya'),
(2930, 'Laung Tuhup'),
(2931, 'Murung'),
(2932, 'Permata Intan'),
(2933, 'Seribu Riam'),
(2934, 'Sumber Barito'),
(2935, 'Sungai Babuat'),
(2936, 'Tanah Siang'),
(2937, 'Tanah Siang Selatan'),
(2938, 'Uut Murung'),
(2939, 'Bukit Batu'),
(2940, 'Jekan Raya'),
(2941, 'Pahandut'),
(2942, 'Rakumpit'),
(2943, 'Sebangau'),
(2944, 'Banama Tingang'),
(2945, 'Jabiren Raya'),
(2946, 'Kahayan Hilir'),
(2947, 'Kahayan Kuala'),
(2948, 'Kahayan Tengah'),
(2949, 'Maliku'),
(2950, 'Pandih Batu'),
(2951, 'Sebangau Kuala'),
(2952, 'Batu Ampar'),
(2953, 'Danau Seluluk'),
(2954, 'Danau Sembuluh'),
(2955, 'Hanau'),
(2956, 'Seruyan Hilir'),
(2957, 'Seruyan Hilir Timur'),
(2958, 'Seruyan Hulu'),
(2959, 'Seruyan Raya'),
(2960, 'Seruyan Tengah'),
(2961, 'Suling Tambun'),
(2962, 'Balai Riam'),
(2963, 'Jelai'),
(2964, 'Pantai Lunci'),
(2965, 'Permata Kecubung'),
(2966, 'Sukamara'),
(2967, 'Balikpapan Barat'),
(2968, 'Balikpapan Kota'),
(2969, 'Balikpapan Selatan'),
(2970, 'Balikpapan Tengah'),
(2971, 'Balikpapan Timur'),
(2972, 'Balikpapan Utara'),
(2973, 'Batu Putih'),
(2974, 'Biatan'),
(2975, 'Biduk-Biduk'),
(2976, 'Derawan (Pulau Derawan)'),
(2977, 'Gunung Tabur'),
(2978, 'Kelay'),
(2979, 'Maratua'),
(2980, 'Sambaliung'),
(2981, 'Segah'),
(2982, 'Tabalar'),
(2983, 'Talisayan'),
(2984, 'Tanjung Redeb'),
(2985, 'Teluk Bayur'),
(2986, 'Bontang Barat'),
(2987, 'Bontang Selatan'),
(2988, 'Bontang Utara'),
(2989, 'Barong Tongkok'),
(2990, 'Bentian Besar'),
(2991, 'Bongan'),
(2992, 'Damai'),
(2993, 'Jempang'),
(2994, 'Linggang Bigung'),
(2995, 'Long Iram'),
(2996, 'Melak'),
(2997, 'Mook Manaar Bulatn'),
(2998, 'Muara Lawa'),
(2999, 'Muara Pahu'),
(3000, 'Nyuatan'),
(3001, 'Penyinggahan'),
(3002, 'Sekolaq Darat'),
(3003, 'Siluq Ngurai'),
(3004, 'Tering'),
(3005, 'Anggana'),
(3006, 'Kembang Janggut'),
(3007, 'Kenohan'),
(3008, 'Kota Bangun'),
(3009, 'Loa Janan'),
(3010, 'Loa Kulu'),
(3011, 'Marang Kayu'),
(3012, 'Muara Badak'),
(3013, 'Muara Jawa'),
(3014, 'Muara Kaman'),
(3015, 'Muara Muntai'),
(3016, 'Muara Wis'),
(3017, 'Samboja (Semboja)'),
(3018, 'Sanga-Sanga'),
(3019, 'Sebulu'),
(3020, 'Tabang'),
(3021, 'Tenggarong'),
(3022, 'Tenggarong Seberang'),
(3023, 'Batu Ampar'),
(3024, 'Bengalon'),
(3025, 'Busang'),
(3026, 'Kaliorang'),
(3027, 'Karangan'),
(3028, 'Kaubun'),
(3029, 'Kongbeng'),
(3030, 'Long Mesangat (Mesengat)'),
(3031, 'Muara Ancalong'),
(3032, 'Muara Bengkal'),
(3033, 'Muara Wahau'),
(3034, 'Rantau Pulung'),
(3035, 'Sandaran'),
(3036, 'Sangatta Selatan'),
(3037, 'Sangatta Utara'),
(3038, 'Sangkulirang'),
(3039, 'Telen'),
(3040, 'Teluk Pandan'),
(3041, 'Laham'),
(3042, 'Long Apari'),
(3043, 'Long Bagun'),
(3044, 'Long Hubung'),
(3045, 'Long Pahangai'),
(3046, 'Batu Engau'),
(3047, 'Batu Sopang'),
(3048, 'Kuaro'),
(3049, 'Long Ikis'),
(3050, 'Long Kali'),
(3051, 'Muara Komam'),
(3052, 'Muara Samu'),
(3053, 'Pasir Belengkong'),
(3054, 'Tanah Grogot'),
(3055, 'Tanjung Harapan'),
(3056, 'Babulu'),
(3057, 'Penajam'),
(3058, 'Sepaku'),
(3059, 'Waru'),
(3060, 'Loa Janan Ilir'),
(3061, 'Palaran'),
(3062, 'Samarinda Ilir'),
(3063, 'Samarinda Kota'),
(3064, 'Samarinda Seberang'),
(3065, 'Samarinda Ulu'),
(3066, 'Samarinda Utara'),
(3067, 'Sambutan'),
(3068, 'Sungai Kunjang'),
(3069, 'Sungai Pinang'),
(3070, 'Peso'),
(3071, 'Peso Hilir/Ilir'),
(3072, 'Pulau Bunyu'),
(3073, 'Sekatak'),
(3074, 'Tanjung Palas'),
(3075, 'Tanjung Palas Barat'),
(3076, 'Tanjung Palas Tengah'),
(3077, 'Tanjung Palas Timur'),
(3078, 'Tanjung Palas Utara'),
(3079, 'Tanjung Selor'),
(3080, 'Bahau Hulu'),
(3081, 'Kayan Hilir'),
(3082, 'Kayan Hulu'),
(3083, 'Kayan Selatan'),
(3084, 'Malinau Barat'),
(3085, 'Malinau Kota'),
(3086, 'Malinau Selatan'),
(3087, 'Malinau Selatan Hilir'),
(3088, 'Malinau Selatan Hulu'),
(3089, 'Malinau Utara'),
(3090, 'Mentarang'),
(3091, 'Mentarang Hulu'),
(3092, 'Pujungan'),
(3093, 'Sungai Boh'),
(3094, 'Sungai Tubu'),
(3095, 'Krayan'),
(3096, 'Krayan Selatan'),
(3097, 'Lumbis'),
(3098, 'Lumbis Ogong'),
(3099, 'Nunukan'),
(3100, 'Nunukan Selatan'),
(3101, 'Sebatik'),
(3102, 'Sebatik Barat'),
(3103, 'Sebatik Tengah'),
(3104, 'Sebatik Timur'),
(3105, 'Sebatik Utara'),
(3106, 'Sebuku'),
(3107, 'Sei Menggaris'),
(3108, 'Sembakung'),
(3109, 'Sembakung Atulai'),
(3110, 'Tulin Onsoi'),
(3111, 'Betayau'),
(3112, 'Muruk Rian'),
(3113, 'Sesayap'),
(3114, 'Sesayap Hilir'),
(3115, 'Tana Lia'),
(3116, 'Tarakan Barat'),
(3117, 'Tarakan Tengah'),
(3118, 'Tarakan Timur'),
(3119, 'Tarakan Utara'),
(3120, 'Batam Kota'),
(3121, 'Batu Aji'),
(3122, 'Batu Ampar'),
(3123, 'Belakang Padang'),
(3124, 'Bengkong'),
(3125, 'Bulang'),
(3126, 'Galang'),
(3127, 'Lubuk Baja'),
(3128, 'Nongsa'),
(3129, 'Sagulung'),
(3130, 'Sei/Sungai Beduk'),
(3131, 'Sekupang'),
(3132, 'Bintan Pesisir'),
(3133, 'Bintan Timur'),
(3134, 'Bintan Utara'),
(3135, 'Gunung Kijang'),
(3136, 'Mantang'),
(3137, 'Seri/Sri Kuala Lobam'),
(3138, 'Tambelan'),
(3139, 'Teluk Bintan'),
(3140, 'Teluk Sebong'),
(3141, 'Toapaya'),
(3142, 'Belat'),
(3143, 'Buru'),
(3144, 'Durai'),
(3145, 'Karimun'),
(3146, 'Kundur'),
(3147, 'Kundur Barat'),
(3148, 'Kundur Utara'),
(3149, 'Meral'),
(3150, 'Meral Barat'),
(3151, 'Moro'),
(3152, 'Tebing'),
(3153, 'Ungar'),
(3154, 'Jemaja'),
(3155, 'Jemaja Timur'),
(3156, 'Palmatak'),
(3157, 'Siantan'),
(3158, 'Siantan Selatan'),
(3159, 'Siantan Tengah'),
(3160, 'Siantan Timur'),
(3161, 'Lingga'),
(3162, 'Lingga Timur'),
(3163, 'Lingga Utara'),
(3164, 'Selayar'),
(3165, 'Senayang'),
(3166, 'Singkep'),
(3167, 'Singkep Barat'),
(3168, 'Singkep Pesisir'),
(3169, 'Singkep Selatan'),
(3170, 'Bunguran Barat'),
(3171, 'Bunguran Selatan'),
(3172, 'Bunguran Tengah'),
(3173, 'Bunguran Timur'),
(3174, 'Bunguran Timur Laut'),
(3175, 'Bunguran Utara'),
(3176, 'Midai'),
(3177, 'Pulau Laut'),
(3178, 'Pulau Tiga'),
(3179, 'Serasan'),
(3180, 'Serasan Timur'),
(3181, 'Subi'),
(3182, 'Bukit Bestari'),
(3183, 'Tanjung Pinang Barat'),
(3184, 'Tanjung Pinang Kota'),
(3185, 'Tanjung Pinang Timur'),
(3186, 'Bumi Waras'),
(3187, 'Enggal'),
(3188, 'Kedamaian'),
(3189, 'Kedaton'),
(3190, 'Kemiling'),
(3191, 'Labuhan Ratu'),
(3192, 'Langkapura'),
(3193, 'Panjang'),
(3194, 'Rajabasa'),
(3195, 'Sukabumi'),
(3196, 'Sukarame'),
(3197, 'Tanjung Karang Barat'),
(3198, 'Tanjung Karang Pusat'),
(3199, 'Tanjung Karang Timur'),
(3200, 'Tanjung Senang'),
(3201, 'Telukbetung Barat'),
(3202, 'Telukbetung Selatan'),
(3203, 'Telukbetung Timur'),
(3204, 'Telukbetung Utara'),
(3205, 'Way Halim'),
(3206, 'Air Hitam'),
(3207, 'Balik Bukit'),
(3208, 'Bandar Negeri Suoh'),
(3209, 'Batu Brak'),
(3210, 'Batu Ketulis'),
(3211, 'Belalau'),
(3212, 'Gedung Surian'),
(3213, 'Kebun Tebu'),
(3214, 'Lumbok Seminung'),
(3215, 'Pagar Dewa'),
(3216, 'Sekincau'),
(3217, 'Sukau'),
(3218, 'Sumber Jaya'),
(3219, 'Suoh'),
(3220, 'Way Tenong'),
(3221, 'Bakauheni'),
(3222, 'Candipuro'),
(3223, 'Jati Agung'),
(3224, 'Kalianda'),
(3225, 'Katibung'),
(3226, 'Ketapang'),
(3227, 'Merbau Mataram'),
(3228, 'Natar'),
(3229, 'Palas'),
(3230, 'Penengahan'),
(3231, 'Rajabasa'),
(3232, 'Sidomulyo'),
(3233, 'Sragi'),
(3234, 'Tanjung Bintang'),
(3235, 'Tanjung Sari'),
(3236, 'Way Panji'),
(3237, 'Way Sulan'),
(3238, 'Anak Ratu Aji'),
(3239, 'Anak Tuha'),
(3240, 'Bandar Mataram'),
(3241, 'Bandar Surabaya'),
(3242, 'Bangun Rejo'),
(3243, 'Bekri'),
(3244, 'Bumi Nabung'),
(3245, 'Bumi Ratu Nuban'),
(3246, 'Gunung Sugih'),
(3247, 'Kalirejo'),
(3248, 'Kota Gajah'),
(3249, 'Padang Ratu'),
(3250, 'Pubian'),
(3251, 'Punggur'),
(3252, 'Putra Rumbia'),
(3253, 'Rumbia'),
(3254, 'Selagai Lingga'),
(3255, 'Sendang Agung'),
(3256, 'Seputih Agung'),
(3257, 'Seputih Banyak'),
(3258, 'Seputih Mataram'),
(3259, 'Seputih Raman'),
(3260, 'Seputih Surabaya'),
(3261, 'Terbanggi Besar'),
(3262, 'Terusan Nunyai'),
(3263, 'Trimurjo'),
(3264, 'Way Pangubuan'),
(3265, 'Way Seputih'),
(3266, 'Bandar Sribawono'),
(3267, 'Batanghari'),
(3268, 'Batanghari Nuban'),
(3269, 'Braja Slebah'),
(3270, 'Bumi Agung'),
(3271, 'Gunung Pelindung'),
(3272, 'Jabung'),
(3273, 'Labuhan Maringgai'),
(3274, 'Labuhan Ratu'),
(3275, 'Marga Sekampung'),
(3276, 'Margatiga'),
(3277, 'Mataram Baru'),
(3278, 'Melinting'),
(3279, 'Metro Kibang'),
(3280, 'Pasir Sakti'),
(3281, 'Pekalongan'),
(3282, 'Purbolinggo'),
(3283, 'Raman Utara'),
(3284, 'Sekampung'),
(3285, 'Sekampung Udik'),
(3286, 'Sukadana'),
(3287, 'Waway Karya'),
(3288, 'Way Bungur (Purbolinggo Utara)'),
(3289, 'Way Jepara'),
(3290, 'Abung Barat'),
(3291, 'Abung Kunang'),
(3292, 'Abung Pekurun'),
(3293, 'Abung Selatan'),
(3294, 'Abung Semuli'),
(3295, 'Abung Surakarta'),
(3296, 'Abung Tengah'),
(3297, 'Abung Timur'),
(3298, 'Abung Tinggi'),
(3299, 'Blambangan Pagar'),
(3300, 'Bukit Kemuning'),
(3301, 'Bunga Mayang'),
(3302, 'Hulu Sungkai'),
(3303, 'Kotabumi'),
(3304, 'Kotabumi Selatan'),
(3305, 'Kotabumi Utara'),
(3306, 'Muara Sungkai'),
(3307, 'Sungkai Barat'),
(3308, 'Sungkai Jaya'),
(3309, 'Sungkai Selatan'),
(3310, 'Sungkai Tengah'),
(3311, 'Sungkai Utara'),
(3312, 'Tanjung Raja'),
(3313, 'Mesuji'),
(3314, 'Mesuji Timur'),
(3315, 'Panca Jaya'),
(3316, 'Rawa Jitu Utara'),
(3317, 'Simpang Pematang'),
(3318, 'Tanjung Raya'),
(3319, 'Way Serdang'),
(3320, 'Metro Barat'),
(3321, 'Metro Pusat'),
(3322, 'Metro Selatan'),
(3323, 'Metro Timur'),
(3324, 'Metro Utara'),
(3325, 'Gedong Tataan'),
(3326, 'Kedondong'),
(3327, 'Marga Punduh'),
(3328, 'Negeri Katon'),
(3329, 'Padang Cermin'),
(3330, 'Punduh Pidada'),
(3331, 'Tegineneng'),
(3332, 'Way Khilau'),
(3333, 'Way Lima'),
(3334, 'Bengkunat'),
(3335, 'Bengkunat Belimbing'),
(3336, 'Karya Penggawa'),
(3337, 'Krui Selatan'),
(3338, 'Lemong'),
(3339, 'Ngambur'),
(3340, 'Pesisir Selatan'),
(3341, 'Pesisir Tengah'),
(3342, 'Pesisir Utara'),
(3343, 'Pulau Pisang'),
(3344, 'Way Krui'),
(3345, 'Adi Luwih'),
(3346, 'Ambarawa'),
(3347, 'Banyumas'),
(3348, 'Gading Rejo'),
(3349, 'Pagelaran'),
(3350, 'Pagelaran Utara'),
(3351, 'Pardasuka'),
(3352, 'Pringsewu'),
(3353, 'Sukoharjo'),
(3354, 'Air Naningan'),
(3355, 'Bandar Negeri Semuong'),
(3356, 'Bulok'),
(3357, 'Cukuh Balak'),
(3358, 'Gisting'),
(3359, 'Gunung Alip'),
(3360, 'Kelumbayan'),
(3361, 'Kelumbayan Barat'),
(3362, 'Kota Agung (Kota Agung Pusat)'),
(3363, 'Kota Agung Barat'),
(3364, 'Kota Agung Timur'),
(3365, 'Limau'),
(3366, 'Pematang Sawa'),
(3367, 'Pugung'),
(3368, 'Pulau Panggung'),
(3369, 'Semaka'),
(3370, 'Sumberejo'),
(3371, 'Talang Padang'),
(3372, 'Ulubelu'),
(3373, 'Wonosobo'),
(3374, 'Banjar Agung'),
(3375, 'Banjar Baru'),
(3376, 'Banjar Margo'),
(3377, 'Dente Teladas'),
(3378, 'Gedung Aji'),
(3379, 'Gedung Aji Baru'),
(3380, 'Gedung Meneng'),
(3381, 'Menggala'),
(3382, 'Menggala Timur'),
(3383, 'Meraksa Aji'),
(3384, 'Penawar Aji'),
(3385, 'Penawar Tama'),
(3386, 'Rawa Pitu'),
(3387, 'Rawajitu Selatan'),
(3388, 'Rawajitu Timur'),
(3389, 'Gunung Agung'),
(3390, 'Gunung Terang'),
(3391, 'Lambu Kibang'),
(3392, 'Pagar Dewa'),
(3393, 'Tulang Bawang Tengah'),
(3394, 'Tulang Bawang Udik'),
(3395, 'Tumijajar'),
(3396, 'Way Kenanga'),
(3397, 'Bahuga'),
(3398, 'Banjit'),
(3399, 'Baradatu'),
(3400, 'Blambangan Umpu'),
(3401, 'Buay Bahuga'),
(3402, 'Bumi Agung'),
(3403, 'Gunung Labuhan'),
(3404, 'Kasui'),
(3405, 'Negara Batin'),
(3406, 'Negeri Agung'),
(3407, 'Negeri Besar'),
(3408, 'Pakuan Ratu'),
(3409, 'Rebang Tangkas'),
(3410, 'Way Tuba'),
(3411, 'Baguala'),
(3412, 'Leitimur Selatan'),
(3413, 'Nusaniwe (Nusanive)'),
(3414, 'Sirimau'),
(3415, 'Teluk Ambon'),
(3416, 'Airbuaya'),
(3417, 'Batabual'),
(3418, 'Fena Leisela'),
(3419, 'Lilialy'),
(3420, 'Lolong Guba'),
(3421, 'Namlea'),
(3422, 'Teluk Kaiely'),
(3423, 'Waeapo'),
(3424, 'Waelata'),
(3425, 'Waplau'),
(3426, 'Ambalau'),
(3427, 'Fena Fafan'),
(3428, 'Kepala Madan'),
(3429, 'Leksula'),
(3430, 'Namrole'),
(3431, 'Waesama'),
(3432, 'Aru Selatan'),
(3433, 'Aru Selatan Timur'),
(3434, 'Aru Selatan Utara'),
(3435, 'Aru Tengah'),
(3436, 'Aru Tengah Selatan'),
(3437, 'Aru Tengah Timur'),
(3438, 'Aru Utara'),
(3439, 'Aru Utara Timur Batuley'),
(3440, 'Pulau-Pulau Aru'),
(3441, 'Sir-Sir'),
(3442, 'Damer'),
(3443, 'Dawelor Dawera'),
(3444, 'Kepulauan Romang'),
(3445, 'Kisar Utara'),
(3446, 'Mdona Hyera/Hiera'),
(3447, 'Moa Lakor'),
(3448, 'Pulau Lakor'),
(3449, 'Pulau Letti (Leti Moa Lakor)'),
(3450, 'Pulau Masela'),
(3451, 'Pulau Pulau Babar'),
(3452, 'Pulau Pulau Terselatan'),
(3453, 'Pulau Wetang'),
(3454, 'Pulau-Pulau Babar Timur'),
(3455, 'Wetar'),
(3456, 'Wetar Barat'),
(3457, 'Wetar Timur'),
(3458, 'Wetar Utara'),
(3459, 'Amahai'),
(3460, 'Banda'),
(3461, 'Kota Masohi'),
(3462, 'Leihitu'),
(3463, 'Leihitu Barat'),
(3464, 'Nusa Laut'),
(3465, 'Pulau Haruku'),
(3466, 'Salahutu'),
(3467, 'Saparua'),
(3468, 'Saparua Timur'),
(3469, 'Seram Utara'),
(3470, 'Seram Utara Barat'),
(3471, 'Seram Utara Timur Kobi'),
(3472, 'Seram Utara Timur Seti'),
(3473, 'Tehoru'),
(3474, 'Teluk Elpaputih'),
(3475, 'Telutih'),
(3476, 'Teon Nila Serua'),
(3477, 'Hoat Sorbay'),
(3478, 'Kei Besar'),
(3479, 'Kei Besar Selatan'),
(3480, 'Kei Besar Selatan Barat'),
(3481, 'Kei Besar Utara Barat'),
(3482, 'Kei Besar Utara Timur'),
(3483, 'Kei Kecil'),
(3484, 'Kei Kecil Barat'),
(3485, 'Kei Kecil Timur'),
(3486, 'Kei Kecil Timur Selatan'),
(3487, 'Manyeuw'),
(3488, 'Kormomolin'),
(3489, 'Molu Maru'),
(3490, 'Nirunmas'),
(3491, 'Selaru'),
(3492, 'Tanimbar Selatan'),
(3493, 'Tanimbar Utara'),
(3494, 'Wer Maktian'),
(3495, 'Wer Tamrian'),
(3496, 'Wuar Labobar'),
(3497, 'Yaru'),
(3498, 'Amalatu'),
(3499, 'Elpaputih'),
(3500, 'Huamual'),
(3501, 'Huamual Belakang'),
(3502, 'Inamosol'),
(3503, 'Kairatu'),
(3504, 'Kairatu Barat'),
(3505, 'Kepulauan Manipa'),
(3506, 'Seram Barat'),
(3507, 'Taniwel'),
(3508, 'Taniwel Timur'),
(3509, 'Bula'),
(3510, 'Bula Barat'),
(3511, 'Gorom Timur'),
(3512, 'Kian Darat'),
(3513, 'Kilmury'),
(3514, 'Pulau Gorom'),
(3515, 'Pulau Panjang'),
(3516, 'Seram Timur'),
(3517, 'Siritaun Wida Timur'),
(3518, 'Siwalalat'),
(3519, 'Teluk Waru'),
(3520, 'Teor'),
(3521, 'Tutuk Tolu'),
(3522, 'Wakate'),
(3523, 'Werinama'),
(3524, 'Kur Selatan'),
(3525, 'Pulau Dullah Selatan'),
(3526, 'Pulau Dullah Utara'),
(3527, 'Pulau Tayando Tam'),
(3528, 'Pulau-Pulau Kur'),
(3529, 'Ibu'),
(3530, 'Ibu Selatan'),
(3531, 'Ibu Utara'),
(3532, 'Jailolo'),
(3533, 'Jailolo Selatan'),
(3534, 'Loloda'),
(3535, 'Sahu'),
(3536, 'Sahu Timur'),
(3537, 'Bacan'),
(3538, 'Bacan Barat'),
(3539, 'Bacan Barat Utara'),
(3540, 'Bacan Selatan'),
(3541, 'Bacan Timur'),
(3542, 'Bacan Timur Selatan'),
(3543, 'Bacan Timur Tengah'),
(3544, 'Gane Barat'),
(3545, 'Gane Barat Selatan'),
(3546, 'Gane Barat Utara'),
(3547, 'Gane Timur'),
(3548, 'Gane Timur Selatan'),
(3549, 'Gane Timur Tengah'),
(3550, 'Kasiruta Barat'),
(3551, 'Kasiruta Timur'),
(3552, 'Kayoa'),
(3553, 'Kayoa Barat'),
(3554, 'Kayoa Selatan'),
(3555, 'Kayoa Utara'),
(3556, 'Kepulauan Botanglomang'),
(3557, 'Kepulauan Joronga'),
(3558, 'Makian Barat (Pulau Makian)'),
(3559, 'Mandioli Selatan'),
(3560, 'Mandioli Utara'),
(3561, 'Obi'),
(3562, 'Obi Barat'),
(3563, 'Obi Selatan'),
(3564, 'Obi Timur'),
(3565, 'Obi Utara'),
(3566, 'Pulau Makian'),
(3567, 'Patani'),
(3568, 'Patani Barat'),
(3569, 'Patani Utara'),
(3570, 'Pulau Gebe'),
(3571, 'Weda'),
(3572, 'Weda Selatan'),
(3573, 'Weda Tengah'),
(3574, 'Weda Utara'),
(3575, 'Kota Maba'),
(3576, 'Maba'),
(3577, 'Maba Selatan'),
(3578, 'Maba Tengah'),
(3579, 'Maba Utara'),
(3580, 'Wasile'),
(3581, 'Wasile Selatan'),
(3582, 'Wasile Tengah'),
(3583, 'Wasile Timur'),
(3584, 'Wasile Utara'),
(3585, 'Galela'),
(3586, 'Galela Barat'),
(3587, 'Galela Selatan'),
(3588, 'Galela Utara'),
(3589, 'Kao'),
(3590, 'Kao Barat'),
(3591, 'Kao Teluk'),
(3592, 'Kao Utara'),
(3593, 'Loloda Kepulauan'),
(3594, 'Loloda Utara'),
(3595, 'Malifut'),
(3596, 'Tobelo'),
(3597, 'Tobelo Barat'),
(3598, 'Tobelo Selatan'),
(3599, 'Tobelo Tengah'),
(3600, 'Tobelo Timur'),
(3601, 'Tobelo Utara'),
(3602, 'Mangoli Barat'),
(3603, 'Mangoli Selatan'),
(3604, 'Mangoli Tengah'),
(3605, 'Mangoli Timur'),
(3606, 'Mangoli Utara'),
(3607, 'Mangoli Utara Timur'),
(3608, 'Sanana'),
(3609, 'Sanana Utara'),
(3610, 'Sulabesi Barat'),
(3611, 'Sulabesi Selatan'),
(3612, 'Sulabesi Tengah'),
(3613, 'Sulabesi Timur'),
(3614, 'Morotai Jaya'),
(3615, 'Morotai Selatan'),
(3616, 'Morotai Selatan Barat'),
(3617, 'Morotai Timur'),
(3618, 'Morotai Utara'),
(3619, 'Lede'),
(3620, 'Tabona'),
(3621, 'Taliabu Barat'),
(3622, 'Taliabu Barat Laut'),
(3623, 'Taliabu Selatan'),
(3624, 'Taliabu Timur'),
(3625, 'Taliabu Timur Selatan'),
(3626, 'Taliabu Utara'),
(3627, 'Moti (Pulau Moti)'),
(3628, 'Pulau Batang Dua'),
(3629, 'Pulau Hiri'),
(3630, 'Pulau Ternate'),
(3631, 'Ternate Selatan (Kota)'),
(3632, 'Ternate Tengah (Kota)'),
(3633, 'Ternate Utara (Kota)'),
(3634, 'Oba'),
(3635, 'Oba Selatan'),
(3636, 'Oba Tengah'),
(3637, 'Oba Utara'),
(3638, 'Tidore'),
(3639, 'Tidore Selatan'),
(3640, 'Tidore Timur'),
(3641, 'Tidore Utara'),
(3642, 'Arongan Lambalek'),
(3643, 'Bubon'),
(3644, 'Johan Pahlawan'),
(3645, 'Kaway XVI'),
(3646, 'Meureubo'),
(3647, 'Pante Ceureumen (Pantai Ceuremen)'),
(3648, 'Panton Reu'),
(3649, 'Samatiga'),
(3650, 'Sungai Mas'),
(3651, 'Woyla'),
(3652, 'Woyla Barat'),
(3653, 'Woyla Timur'),
(3654, 'Babah Rot'),
(3655, 'Blang Pidie'),
(3656, 'Jeumpa'),
(3657, 'Kuala Batee'),
(3658, 'Lembah Sabil'),
(3659, 'Manggeng'),
(3660, 'Setia'),
(3661, 'Susoh'),
(3662, 'Tangan-Tangan'),
(3663, 'Baitussalam'),
(3664, 'Blank Bintang'),
(3665, 'Darul Imarah'),
(3666, 'Darul Kamal'),
(3667, 'Darussalam'),
(3668, 'Indrapuri'),
(3669, 'Ingin Jaya'),
(3670, 'Kota Cot Glie (Kuta Cot Glie)'),
(3671, 'Kota Jantho'),
(3672, 'Kota Malaka (Kuta Malaka)'),
(3673, 'Krueng Barona Jaya'),
(3674, 'Kuta Baro'),
(3675, 'Lembah Seulawah'),
(3676, 'Leupung'),
(3677, 'Lhoknga (Lho&#039;nga)'),
(3678, 'Lhoong'),
(3679, 'Mantasiek (Montasik)'),
(3680, 'Mesjid Raya'),
(3681, 'Peukan Bada'),
(3682, 'Pulo Aceh'),
(3683, 'Seulimeum'),
(3684, 'Simpang Tiga'),
(3685, 'Suka Makmur'),
(3686, 'Darul Hikmah'),
(3687, 'Indra Jaya'),
(3688, 'Jaya'),
(3689, 'Keude Panga'),
(3690, 'Krueng Sabee'),
(3691, 'Pasie Raya'),
(3692, 'Sampoiniet'),
(3693, 'Setia Bakti'),
(3694, 'Teunom'),
(3695, 'Bakongan'),
(3696, 'Bakongan Timur'),
(3697, 'Kluet Selatan'),
(3698, 'Kluet Tengah'),
(3699, 'Kluet Timur'),
(3700, 'Kluet Utara'),
(3701, 'Kota Bahagia'),
(3702, 'Labuhan Haji'),
(3703, 'Labuhan Haji Barat'),
(3704, 'Labuhan Haji Timur'),
(3705, 'Meukek'),
(3706, 'Pasie Raja'),
(3707, 'Sama Dua'),
(3708, 'Sawang'),
(3709, 'Tapak Tuan'),
(3710, 'Trumon'),
(3711, 'Trumon Tengah'),
(3712, 'Trumon Timur'),
(3713, 'Danau Paris'),
(3714, 'Gunung Meriah (Mariah)'),
(3715, 'Kota Baharu'),
(3716, 'Kuala Baru'),
(3717, 'Pulau Banyak'),
(3718, 'Pulau Banyak Barat'),
(3719, 'Simpang Kanan'),
(3720, 'Singkil'),
(3721, 'Singkil Utara'),
(3722, 'Singkohor'),
(3723, 'Suro Makmur'),
(3724, 'Banda Mulia'),
(3725, 'Bandar Pusaka'),
(3726, 'Bendahara'),
(3727, 'Karang Baru'),
(3728, 'Kejuruan Muda'),
(3729, 'Kota Kuala Simpang'),
(3730, 'Manyak Payed'),
(3731, 'Rantau'),
(3732, 'Sekerak'),
(3733, 'Seruway'),
(3734, 'Tamiang Hulu'),
(3735, 'Tenggulun'),
(3736, 'Atu Lintang'),
(3737, 'Bebesen'),
(3738, 'Bies'),
(3739, 'Bintang'),
(3740, 'Celala'),
(3741, 'Jagong Jeget'),
(3742, 'Kebayakan'),
(3743, 'Ketol'),
(3744, 'Kute Panang'),
(3745, 'Linge'),
(3746, 'Lut Tawar'),
(3747, 'Pegasing'),
(3748, 'Rusip Antara'),
(3749, 'Silih Nara'),
(3750, 'Babul Makmur'),
(3751, 'Babul Rahmah'),
(3752, 'Babussalam'),
(3753, 'Badar'),
(3754, 'Bambel'),
(3755, 'Bukit Tusam'),
(3756, 'Darul Hasanah'),
(3757, 'Deleng Pokhisen'),
(3758, 'Ketambe'),
(3759, 'Lawe Alas'),
(3760, 'Lawe Bulan'),
(3761, 'Lawe Sigala-Gala'),
(3762, 'Lawe Sumur'),
(3763, 'Leuser'),
(3764, 'Semadam'),
(3765, 'Tanah Alas'),
(3766, 'Banda Alam'),
(3767, 'Birem Bayeun'),
(3768, 'Darul Aman'),
(3769, 'Darul Falah'),
(3770, 'Darul Iksan (Ihsan)'),
(3771, 'Idi Rayeuk'),
(3772, 'Idi Timur'),
(3773, 'Idi Tunong'),
(3774, 'Indra Makmur'),
(3775, 'Julok'),
(3776, 'Madat'),
(3777, 'Nurussalam'),
(3778, 'Pante Bidari'),
(3779, 'Peudawa'),
(3780, 'Peunaron'),
(3781, 'Peureulak'),
(3782, 'Peureulak Barat'),
(3783, 'Peureulak Timur'),
(3784, 'Rantau Selamat'),
(3785, 'Ranto Peureulak'),
(3786, 'Serbajadi'),
(3787, 'Simpang Jernih'),
(3788, 'Simpang Ulim'),
(3789, 'Sungai Raya'),
(3790, 'Baktiya'),
(3791, 'Baktiya Barat'),
(3792, 'Banda Baro'),
(3793, 'Cot Girek'),
(3794, 'Dewantara'),
(3795, 'Geuredong Pase'),
(3796, 'Kuta Makmur'),
(3797, 'Langkahan'),
(3798, 'Lapang'),
(3799, 'Lhoksukon'),
(3800, 'Matangkuli'),
(3801, 'Meurah Mulia'),
(3802, 'Muara Batu'),
(3803, 'Nibong'),
(3804, 'Nisam'),
(3805, 'Nisam Antara'),
(3806, 'Paya Bakong'),
(3807, 'Pirak Timur'),
(3808, 'Samudera'),
(3809, 'Sawang'),
(3810, 'Seunuddon (Seunudon)'),
(3811, 'Simpang Kramat (Keramat)'),
(3812, 'Syamtalira Aron'),
(3813, 'Syamtalira Bayu'),
(3814, 'Tanah Jambo Aye'),
(3815, 'Tanah Luas'),
(3816, 'Tanah Pasir'),
(3817, 'Baiturrahman'),
(3818, 'Banda Raya'),
(3819, 'Jaya Baru'),
(3820, 'Kuta Alam'),
(3821, 'Kuta Raja'),
(3822, 'Lueng Bata'),
(3823, 'Meuraxa'),
(3824, 'Syiah Kuala'),
(3825, 'Ulee Kareng'),
(3826, 'Bandar'),
(3827, 'Bener Kelipah'),
(3828, 'Bukit'),
(3829, 'Gajah Putih'),
(3830, 'Mesidah'),
(3831, 'Permata'),
(3832, 'Pintu Rime Gayo'),
(3833, 'Syiah Utama'),
(3834, 'Timang Gajah'),
(3835, 'Wih Pesam'),
(3836, 'Ganda Pura'),
(3837, 'Jangka'),
(3838, 'Jeumpa'),
(3839, 'Jeunieb'),
(3840, 'Juli'),
(3841, 'Kota Juang'),
(3842, 'Kuala'),
(3843, 'Kuta Blang'),
(3844, 'Makmur'),
(3845, 'Pandrah'),
(3846, 'Peudada'),
(3847, 'Peulimbang (Plimbang)'),
(3848, 'Peusangan'),
(3849, 'Peusangan Selatan'),
(3850, 'Peusangan Siblah Krueng'),
(3851, 'Samalanga'),
(3852, 'Simpang Mamplam'),
(3853, 'Blang Jerango'),
(3854, 'Blang Kejeren'),
(3855, 'Blang Pegayon'),
(3856, 'Dabun Gelang (Debun Gelang)'),
(3857, 'Kuta Panjang'),
(3858, 'Pantan Cuaca'),
(3859, 'Pining (Pinding)'),
(3860, 'Putri Betung'),
(3861, 'Rikit Gaib'),
(3862, 'Terangun (Terangon)'),
(3863, 'Teripe/Tripe Jaya'),
(3864, 'Langsa Barat'),
(3865, 'Langsa Baro'),
(3866, 'Langsa Kota'),
(3867, 'Langsa Lama'),
(3868, 'Langsa Timur'),
(3869, 'Banda Sakti'),
(3870, 'Blang Mangat'),
(3871, 'Muara Dua'),
(3872, 'Muara Satu'),
(3873, 'Beutong'),
(3874, 'Beutong Ateuh Banggalang'),
(3875, 'Darul Makmur'),
(3876, 'Kuala'),
(3877, 'Kuala Pesisir'),
(3878, 'Seunagan'),
(3879, 'Seunagan Timur'),
(3880, 'Suka Makmue'),
(3881, 'Tadu Raya'),
(3882, 'Tripa Makmur'),
(3883, 'Batee'),
(3884, 'Delima'),
(3885, 'Geumpang'),
(3886, 'Glumpang Baro'),
(3887, 'Glumpang Tiga (Geulumpang Tiga)'),
(3888, 'Grong Grong'),
(3889, 'Indrajaya'),
(3890, 'Kembang Tanjong'),
(3891, 'Keumala'),
(3892, 'Kota Sigli'),
(3893, 'Mane'),
(3894, 'Mila'),
(3895, 'Muara Tiga'),
(3896, 'Mutiara'),
(3897, 'Mutiara Timur'),
(3898, 'Padang Tiji'),
(3899, 'Peukan Baro'),
(3900, 'Pidie'),
(3901, 'Sakti'),
(3902, 'Simpang Tiga'),
(3903, 'Tangse'),
(3904, 'Tiro/Truseb'),
(3905, 'Titeue'),
(3906, 'Bandar Baru'),
(3907, 'Bandar Dua'),
(3908, 'Jangka Buya'),
(3909, 'Meurah Dua'),
(3910, 'Meureudu'),
(3911, 'Panteraja'),
(3912, 'Trienggadeng'),
(3913, 'Ulim'),
(3914, 'Sukajaya'),
(3915, 'Sukakarya'),
(3916, 'Alapan (Alafan)'),
(3917, 'Salang'),
(3918, 'Simeuleu Barat'),
(3919, 'Simeuleu Tengah'),
(3920, 'Simeuleu Timur'),
(3921, 'Simeulue Cut'),
(3922, 'Teluk Dalam'),
(3923, 'Teupah Barat'),
(3924, 'Teupah Selatan'),
(3925, 'Teupah Tengah'),
(3926, 'Longkib'),
(3927, 'Penanggalan'),
(3928, 'Rundeng'),
(3929, 'Simpang Kiri'),
(3930, 'Sultan Daulat'),
(3931, 'Ambalawi'),
(3932, 'Belo'),
(3933, 'Bolo'),
(3934, 'Donggo'),
(3935, 'Lambitu'),
(3936, 'Lambu'),
(3937, 'Langgudu'),
(3938, 'Madapangga'),
(3939, 'Monta'),
(3940, 'Palibelo'),
(3941, 'Parado'),
(3942, 'Sanggar'),
(3943, 'Sape'),
(3944, 'Soromandi'),
(3945, 'Tambora'),
(3946, 'Wawo'),
(3947, 'Wera'),
(3948, 'Woha'),
(3949, 'Asakota'),
(3950, 'Mpunda'),
(3951, 'Raba'),
(3952, 'Rasanae Barat'),
(3953, 'Rasanae Timur'),
(3954, 'Dompu'),
(3955, 'Hu&#039;u'),
(3956, 'Kempo'),
(3957, 'Kilo'),
(3958, 'Manggalewa'),
(3959, 'Pajo'),
(3960, 'Pekat'),
(3961, 'Woja'),
(3962, 'Batu Layar'),
(3963, 'Gerung'),
(3964, 'Gunungsari'),
(3965, 'Kediri'),
(3966, 'Kuripan'),
(3967, 'Labuapi'),
(3968, 'Lembar'),
(3969, 'Lingsar'),
(3970, 'Narmada'),
(3971, 'Sekotong'),
(3972, 'Batukliang'),
(3973, 'Batukliang Utara'),
(3974, 'Janapria'),
(3975, 'Jonggat'),
(3976, 'Kopang'),
(3977, 'Praya'),
(3978, 'Praya Barat'),
(3979, 'Praya Barat Daya'),
(3980, 'Praya Tengah'),
(3981, 'Praya Timur'),
(3982, 'Pringgarata'),
(3983, 'Pujut'),
(3984, 'Aikmel'),
(3985, 'Jerowaru'),
(3986, 'Keruak'),
(3987, 'Labuhan Haji'),
(3988, 'Masbagik'),
(3989, 'Montong Gading'),
(3990, 'Pringgabaya'),
(3991, 'Pringgasela'),
(3992, 'Sakra'),
(3993, 'Sakra Barat'),
(3994, 'Sakra Timur'),
(3995, 'Sambalia (Sambelia)'),
(3996, 'Selong'),
(3997, 'Sembalun'),
(3998, 'Sikur'),
(3999, 'Suela (Suwela)'),
(4000, 'Sukamulia'),
(4001, 'Suralaga'),
(4002, 'Terara'),
(4003, 'Wanasaba'),
(4004, 'Bayan'),
(4005, 'Gangga'),
(4006, 'Kayangan'),
(4007, 'Pemenang'),
(4008, 'Tanjung'),
(4009, 'Ampenan'),
(4010, 'Cakranegara'),
(4011, 'Mataram'),
(4012, 'Sandubaya (Sandujaya)'),
(4013, 'Sekarbela'),
(4014, 'Selaparang (Selaprang)'),
(4015, 'Alas'),
(4016, 'Alas Barat'),
(4017, 'Batulanteh'),
(4018, 'Buer'),
(4019, 'Empang'),
(4020, 'Labangka'),
(4021, 'Labuhan Badas'),
(4022, 'Lantung'),
(4023, 'Lape (Lape Lopok)'),
(4024, 'Lenangguar'),
(4025, 'Lopok'),
(4026, 'Lunyuk'),
(4027, 'Maronge'),
(4028, 'Moyo Hilir'),
(4029, 'Moyo Hulu'),
(4030, 'Moyo Utara'),
(4031, 'Orong Telu'),
(4032, 'Plampang'),
(4033, 'Rhee'),
(4034, 'Ropang'),
(4035, 'Sumbawa'),
(4036, 'Tarano'),
(4037, 'Unter Iwes (Unterwiris)'),
(4038, 'Utan'),
(4039, 'Brang Ene'),
(4040, 'Brang Rea'),
(4041, 'Jereweh'),
(4042, 'Maluk'),
(4043, 'Poto Tano'),
(4044, 'Sateluk (Seteluk)'),
(4045, 'Sekongkang'),
(4046, 'Taliwang'),
(4047, 'Alor Barat Daya'),
(4048, 'Alor Barat Laut'),
(4049, 'Alor Selatan'),
(4050, 'Alor Tengah Utara'),
(4051, 'Alor Timur'),
(4052, 'Alor Timur Laut'),
(4053, 'Kabola'),
(4054, 'Lembur'),
(4055, 'Mataru'),
(4056, 'Pantar'),
(4057, 'Pantar Barat'),
(4058, 'Pantar Barat Laut'),
(4059, 'Pantar Tengah'),
(4060, 'Pantar Timur'),
(4061, 'Pulau Pura'),
(4062, 'Pureman'),
(4063, 'Teluk Mutiara'),
(4064, 'Atambua Barat'),
(4065, 'Atambua Kota'),
(4066, 'Atambua Selatan'),
(4067, 'Kakuluk Mesak'),
(4068, 'Lamaknen'),
(4069, 'Lamaknen Selatan'),
(4070, 'Lasiolat'),
(4071, 'Nanaet Duabesi'),
(4072, 'Raihat'),
(4073, 'Raimanuk'),
(4074, 'Tasifeto Barat'),
(4075, 'Tasifeto Timur'),
(4076, 'Detukeli'),
(4077, 'Detusoko'),
(4078, 'Ende'),
(4079, 'Ende Selatan'),
(4080, 'Ende Tengah'),
(4081, 'Ende Timur'),
(4082, 'Ende Utara'),
(4083, 'Kelimutu'),
(4084, 'Kota Baru'),
(4085, 'Lepembusu Kelisoke'),
(4086, 'Lio Timur'),
(4087, 'Maukaro'),
(4088, 'Maurole'),
(4089, 'Nangapanda'),
(4090, 'Ndona'),
(4091, 'Ndona Timur'),
(4092, 'Ndori'),
(4093, 'Pulau Ende'),
(4094, 'Wewaria'),
(4095, 'Wolojita'),
(4096, 'Wolowaru'),
(4097, 'Adonara'),
(4098, 'Adonara Barat'),
(4099, 'Adonara Tengah'),
(4100, 'Adonara Timur'),
(4101, 'Demon Pagong'),
(4102, 'Ile Boleng'),
(4103, 'Ile Bura'),
(4104, 'Ile Mandiri'),
(4105, 'Kelubagolit'),
(4106, 'Larantuka'),
(4107, 'Lewolema'),
(4108, 'Solor Barat'),
(4109, 'Solor Selatan'),
(4110, 'Solor Timur'),
(4111, 'Tanjung Bunga'),
(4112, 'Titehena'),
(4113, 'Witihama'),
(4114, 'Wotan Ulumando'),
(4115, 'Wulanggitang'),
(4116, 'Amabi Oefeto'),
(4117, 'Amabi Oefeto Timur'),
(4118, 'Amarasi'),
(4119, 'Amarasi Barat'),
(4120, 'Amarasi Selatan'),
(4121, 'Amarasi Timur'),
(4122, 'Amfoang Barat Daya'),
(4123, 'Amfoang Barat Laut'),
(4124, 'Amfoang Selatan'),
(4125, 'Amfoang Tengah'),
(4126, 'Amfoang Timur'),
(4127, 'Amfoang Utara'),
(4128, 'Fatuleu'),
(4129, 'Fatuleu Barat'),
(4130, 'Fatuleu Tengah'),
(4131, 'Kupang Barat'),
(4132, 'Kupang Tengah'),
(4133, 'Kupang Timur'),
(4134, 'Nekamese'),
(4135, 'Semau'),
(4136, 'Semau Selatan'),
(4137, 'Sulamu'),
(4138, 'Taebenu'),
(4139, 'Takari'),
(4140, 'Alak'),
(4141, 'Kelapa Lima'),
(4142, 'Kota Lama'),
(4143, 'Kota Raja'),
(4144, 'Maulafa'),
(4145, 'Oebobo'),
(4146, 'Atadei'),
(4147, 'Buyasuri'),
(4148, 'Ile Ape'),
(4149, 'Ile Ape Timur'),
(4150, 'Lebatukan'),
(4151, 'Naga Wutung'),
(4152, 'Nubatukan'),
(4153, 'Omesuri'),
(4154, 'Wulandoni'),
(4155, 'Botin Leobele'),
(4156, 'Io Kufeu'),
(4157, 'Kobalima'),
(4158, 'Kobalima Timur'),
(4159, 'Laenmanen'),
(4160, 'Malaka Barat'),
(4161, 'Malaka Tengah'),
(4162, 'Malaka Timur'),
(4163, 'Rinhat'),
(4164, 'Sasitamean'),
(4165, 'Weliman'),
(4166, 'Wewiku'),
(4167, 'Cibal'),
(4168, 'Cibal Barat'),
(4169, 'Langke Rembong'),
(4170, 'Lelak'),
(4171, 'Rahong Utara'),
(4172, 'Reok'),
(4173, 'Reok Barat'),
(4174, 'Ruteng'),
(4175, 'Satar Mese'),
(4176, 'Satar Mese Barat'),
(4177, 'Wae Rii'),
(4178, 'Boleng'),
(4179, 'Komodo'),
(4180, 'Kuwus'),
(4181, 'Lembor'),
(4182, 'Lembor Selatan'),
(4183, 'Macang Pacar'),
(4184, 'Mbeliling'),
(4185, 'Ndoso'),
(4186, 'Sano Nggoang'),
(4187, 'Welak'),
(4188, 'Borong'),
(4189, 'Elar'),
(4190, 'Elar Selatan'),
(4191, 'Kota Komba'),
(4192, 'Lamba Leda'),
(4193, 'Poco Ranaka'),
(4194, 'Poco Ranaka Timur'),
(4195, 'Rana Mese'),
(4196, 'Sambi Rampas'),
(4197, 'Aesesa'),
(4198, 'Aesesa Selatan'),
(4199, 'Boawae'),
(4200, 'Keo Tengah'),
(4201, 'Mauponggo'),
(4202, 'Nangaroro'),
(4203, 'Wolowae'),
(4204, 'Aimere'),
(4205, 'Bajawa'),
(4206, 'Bajawa Utara'),
(4207, 'Golewa'),
(4208, 'Golewa Barat'),
(4209, 'Golewa Selatan'),
(4210, 'Inerie'),
(4211, 'Jerebuu'),
(4212, 'Riung'),
(4213, 'Riung Barat'),
(4214, 'Soa'),
(4215, 'Wolomeze (Riung Selatan)'),
(4216, 'Landu Leko'),
(4217, 'Lobalain'),
(4218, 'Ndao Nuse'),
(4219, 'Pantai Baru'),
(4220, 'Rote Barat'),
(4221, 'Rote Barat Daya'),
(4222, 'Rote Barat Laut'),
(4223, 'Rote Selatan'),
(4224, 'Rote Tengah'),
(4225, 'Rote Timur'),
(4226, 'Hawu Mehara'),
(4227, 'Raijua'),
(4228, 'Sabu Barat'),
(4229, 'Sabu Liae'),
(4230, 'Sabu Tengah'),
(4231, 'Sabu Timur'),
(4232, 'Alok'),
(4233, 'Alok Barat'),
(4234, 'Alok Timur'),
(4235, 'Bola'),
(4236, 'Doreng'),
(4237, 'Hewokloang'),
(4238, 'Kangae'),
(4239, 'Kewapante'),
(4240, 'Koting'),
(4241, 'Lela'),
(4242, 'Magepanda'),
(4243, 'Mapitara'),
(4244, 'Mego'),
(4245, 'Nelle (Maumerei)'),
(4246, 'Nita'),
(4247, 'Paga'),
(4248, 'Palue'),
(4249, 'Talibura'),
(4250, 'Tana Wawo'),
(4251, 'Waiblama'),
(4252, 'Waigete'),
(4253, 'Kota Waikabubak'),
(4254, 'Lamboya'),
(4255, 'Lamboya Barat'),
(4256, 'Loli'),
(4257, 'Tana Righu'),
(4258, 'Wanokaka'),
(4259, 'Kodi'),
(4260, 'Kodi Balaghar'),
(4261, 'Kodi Bangedo'),
(4262, 'Kodi Utara'),
(4263, 'Kota Tambolaka'),
(4264, 'Loura (Laura)'),
(4265, 'Wewewa Barat'),
(4266, 'Wewewa Selatan'),
(4267, 'Wewewa Tengah (Wewera Tengah)'),
(4268, 'Wewewa Timur'),
(4269, 'Wewewa Utara'),
(4270, 'Katiku Tana'),
(4271, 'Katikutana Selatan'),
(4272, 'Mamboro'),
(4273, 'Umbu Ratu Nggay'),
(4274, 'Umbu Ratu Nggay Barat'),
(4275, 'Haharu'),
(4276, 'Kahaunguweti (Kahaungu Eti)'),
(4277, 'Kambata Mapambuhang'),
(4278, 'Kambera'),
(4279, 'Kanatang'),
(4280, 'Karera'),
(4281, 'Katala Hamu Lingu'),
(4282, 'Kota Waingapu'),
(4283, 'Lewa'),
(4284, 'Lewa Tidahu'),
(4285, 'Mahu'),
(4286, 'Matawai Lappau (La Pawu)'),
(4287, 'Ngadu Ngala'),
(4288, 'Nggaha Oriangu'),
(4289, 'Paberiwai'),
(4290, 'Pahunga Lodu'),
(4291, 'Pandawai'),
(4292, 'Pinupahar (Pirapahar)'),
(4293, 'Rindi'),
(4294, 'Tabundung'),
(4295, 'Umalulu'),
(4296, 'Wula Waijelu'),
(4297, 'Amanatun Selatan'),
(4298, 'Amanatun Utara'),
(4299, 'Amanuban Barat'),
(4300, 'Amanuban Selatan'),
(4301, 'Amanuban Tengah'),
(4302, 'Amanuban Timur'),
(4303, 'Batu Putih'),
(4304, 'Boking'),
(4305, 'Fatukopa'),
(4306, 'Fatumnasi'),
(4307, 'Fautmolo'),
(4308, 'Kie (Ki&#039;e)'),
(4309, 'Kok Baun'),
(4310, 'Kolbano'),
(4311, 'Kot Olin'),
(4312, 'Kota Soe'),
(4313, 'Kualin'),
(4314, 'Kuanfatu'),
(4315, 'Kuatnana'),
(4316, 'Mollo Barat'),
(4317, 'Mollo Selatan'),
(4318, 'Mollo Tengah'),
(4319, 'Mollo Utara'),
(4320, 'Noebana'),
(4321, 'Noebeba'),
(4322, 'Nunbena'),
(4323, 'Nunkolo'),
(4324, 'Oenino'),
(4325, 'Polen'),
(4326, 'Santian'),
(4327, 'Tobu'),
(4328, 'Toianas'),
(4329, 'Biboki Anleu'),
(4330, 'Biboki Feotleu'),
(4331, 'Biboki Moenleu'),
(4332, 'Biboki Selatan'),
(4333, 'Biboki Tan Pah'),
(4334, 'Biboki Utara'),
(4335, 'Bikomi Nilulat'),
(4336, 'Bikomi Selatan'),
(4337, 'Bikomi Tengah'),
(4338, 'Bikomi Utara'),
(4339, 'Insana'),
(4340, 'Insana Barat'),
(4341, 'Insana Fafinesu'),
(4342, 'Insana Tengah'),
(4343, 'Insana Utara'),
(4344, 'Kota Kefamenanu'),
(4345, 'Miomafo Barat'),
(4346, 'Miomafo Tengah'),
(4347, 'Miomafo Timur'),
(4348, 'Musi'),
(4349, 'Mutis'),
(4350, 'Naibenu'),
(4351, 'Noemuti'),
(4352, 'Noemuti Timur'),
(4353, 'Agats'),
(4354, 'Akat'),
(4355, 'Atsy / Atsj'),
(4356, 'Ayip'),
(4357, 'Betcbamu'),
(4358, 'Der Koumur'),
(4359, 'Fayit'),
(4360, 'Jetsy'),
(4361, 'Joerat'),
(4362, 'Kolf Braza'),
(4363, 'Kopay'),
(4364, 'Pantai Kasuari'),
(4365, 'Pulau Tiga'),
(4366, 'Safan'),
(4367, 'Sawa Erma'),
(4368, 'Sirets'),
(4369, 'Suator'),
(4370, 'Suru-suru'),
(4371, 'Unir Sirau'),
(4372, 'Aimando Padaido'),
(4373, 'Andey'),
(4374, 'Biak Barat'),
(4375, 'Biak Kota'),
(4376, 'Biak Timur'),
(4377, 'Biak Utara'),
(4378, 'Bondifuar'),
(4379, 'Bruyadori'),
(4380, 'Numfor Barat'),
(4381, 'Numfor Timur'),
(4382, 'Oridek'),
(4383, 'Orkeri'),
(4384, 'Padaido'),
(4385, 'Poiru'),
(4386, 'Samofa'),
(4387, 'Swandiwe'),
(4388, 'Warsa'),
(4389, 'Yawosi'),
(4390, 'Yendidori'),
(4391, 'Ambatkwi (Ambatkui)'),
(4392, 'Arimop'),
(4393, 'Bomakia'),
(4394, 'Firiwage'),
(4395, 'Fofi'),
(4396, 'Iniyandit'),
(4397, 'Jair'),
(4398, 'Kawagit'),
(4399, 'Ki'),
(4400, 'Kombay'),
(4401, 'Kombut'),
(4402, 'Kouh'),
(4403, 'Mandobo'),
(4404, 'Manggelum'),
(4405, 'Mindiptana'),
(4406, 'Ninati'),
(4407, 'Sesnuk'),
(4408, 'Subur'),
(4409, 'Waropko'),
(4410, 'Yaniruma'),
(4411, 'Bowobado'),
(4412, 'Kapiraya'),
(4413, 'Tigi'),
(4414, 'Tigi Barat'),
(4415, 'Tigi Timur'),
(4416, 'Dogiyai'),
(4417, 'Kamu'),
(4418, 'Kamu Selatan'),
(4419, 'Kamu Timur'),
(4420, 'Kamu Utara (Ikrar/Ikrat)'),
(4421, 'Mapia'),
(4422, 'Mapia Barat'),
(4423, 'Mapia Tengah'),
(4424, 'Piyaiye (Sukikai)'),
(4425, 'Sukikai Selatan'),
(4426, 'Agisiga'),
(4427, 'Biandoga'),
(4428, 'Hitadipa'),
(4429, 'Homeyo'),
(4430, 'Sugapa'),
(4431, 'Tomosiga'),
(4432, 'Ugimba'),
(4433, 'Wandai'),
(4434, 'Airu'),
(4435, 'Demta'),
(4436, 'Depapre'),
(4437, 'Ebungfau (Ebungfa)'),
(4438, 'Gresi Selatan'),
(4439, 'Kaureh'),
(4440, 'Kemtuk'),
(4441, 'Kemtuk Gresi'),
(4442, 'Nambluong'),
(4443, 'Nimbokrang'),
(4444, 'Nimboran'),
(4445, 'Ravenirara'),
(4446, 'Sentani'),
(4447, 'Sentani Barat'),
(4448, 'Sentani Timur'),
(4449, 'Unurum Guay'),
(4450, 'Waibu'),
(4451, 'Yapsi'),
(4452, 'Yokari'),
(4453, 'Abepura'),
(4454, 'Heram'),
(4455, 'Jayapura Selatan'),
(4456, 'Jayapura Utara'),
(4457, 'Muara Tami'),
(4458, 'Asologaima (Asalogaima)'),
(4459, 'Asolokobal'),
(4460, 'Asotipo'),
(4461, 'Bolakme'),
(4462, 'Bpiri'),
(4463, 'Bugi'),
(4464, 'Hubikiak'),
(4465, 'Hubikosi (Hobikosi)'),
(4466, 'Ibele'),
(4467, 'Itlay Hisage'),
(4468, 'Koragi'),
(4469, 'Kurulu'),
(4470, 'Libarek'),
(4471, 'Maima'),
(4472, 'Molagalome'),
(4473, 'Muliama'),
(4474, 'Musatfak'),
(4475, 'Napua'),
(4476, 'Pelebaga'),
(4477, 'Piramid'),
(4478, 'Pisugi'),
(4479, 'Popugoba'),
(4480, 'Siepkosi'),
(4481, 'Silo Karno Doga'),
(4482, 'Taelarek'),
(4483, 'Tagime'),
(4484, 'Tagineri'),
(4485, 'Trikora'),
(4486, 'Usilimo'),
(4487, 'Wadangku'),
(4488, 'Walaik'),
(4489, 'Walelagama'),
(4490, 'Wame'),
(4491, 'Wamena'),
(4492, 'Welesi'),
(4493, 'Wesaput'),
(4494, 'Arso'),
(4495, 'Arso Timur'),
(4496, 'Senggi'),
(4497, 'Skanto'),
(4498, 'Towe'),
(4499, 'Waris'),
(4500, 'Web'),
(4501, 'Angkaisera'),
(4502, 'Kepulauan Ambai'),
(4503, 'Kosiwo'),
(4504, 'Poom'),
(4505, 'Pulau Kurudu'),
(4506, 'Pulau Yerui'),
(4507, 'Raimbawi'),
(4508, 'Teluk Ampimoi'),
(4509, 'Windesi'),
(4510, 'Wonawa'),
(4511, 'Yapen Barat'),
(4512, 'Yapen Selatan'),
(4513, 'Yapen Timur'),
(4514, 'Yapen Utara'),
(4515, 'Awina'),
(4516, 'Ayumnati'),
(4517, 'Balingga'),
(4518, 'Balingga Barat'),
(4519, 'Bruwa'),
(4520, 'Buguk Gona'),
(4521, 'Dimba'),
(4522, 'Gamelia'),
(4523, 'Gelok Beam'),
(4524, 'Goa Balim'),
(4525, 'Gollo'),
(4526, 'Guna'),
(4527, 'Gupura'),
(4528, 'Karu'),
(4529, 'Kelulome'),
(4530, 'Kolawa'),
(4531, 'Kuly Lanny'),
(4532, 'Kuyawage'),
(4533, 'Lannyna'),
(4534, 'Makki'),
(4535, 'Melagi'),
(4536, 'Melagineri'),
(4537, 'Milimbo'),
(4538, 'Mokoni'),
(4539, 'Muara'),
(4540, 'Nikogwe'),
(4541, 'Niname'),
(4542, 'Nogi'),
(4543, 'Pirime'),
(4544, 'Poga'),
(4545, 'Tiom'),
(4546, 'Tiom Ollo'),
(4547, 'Tiomneri'),
(4548, 'Wano Barat'),
(4549, 'Wereka'),
(4550, 'Wiringgambut'),
(4551, 'Benuki'),
(4552, 'Mamberamo Hilir'),
(4553, 'Mamberamo Hulu'),
(4554, 'Mamberamo Tengah'),
(4555, 'Mamberamo Tengah Timur'),
(4556, 'Rufaer'),
(4557, 'Sawai'),
(4558, 'Waropen Atas'),
(4559, 'Eragayam'),
(4560, 'Ilugwa'),
(4561, 'Kelila'),
(4562, 'Kobakma'),
(4563, 'Megabilis (Megambilis)'),
(4564, 'Assue'),
(4565, 'Bamgi'),
(4566, 'Citakmitak'),
(4567, 'Edera'),
(4568, 'Haju'),
(4569, 'Kaibar'),
(4570, 'Minyamur'),
(4571, 'Nambioman Bapai (Mambioman)'),
(4572, 'Obaa'),
(4573, 'Passue'),
(4574, 'Passue Bawah'),
(4575, 'Syahcame'),
(4576, 'Ti Zain'),
(4577, 'Venaha'),
(4578, 'Yakomi'),
(4579, 'Animha'),
(4580, 'Elikobal'),
(4581, 'Ilyawab'),
(4582, 'Jagebob'),
(4583, 'Kaptel'),
(4584, 'Kimaam'),
(4585, 'Kurik'),
(4586, 'Malind'),
(4587, 'Merauke'),
(4588, 'Muting'),
(4589, 'Naukenjerai'),
(4590, 'Ngguti'),
(4591, 'Okaba'),
(4592, 'Semangga'),
(4593, 'Sota'),
(4594, 'Tabonji'),
(4595, 'Tanah Miring'),
(4596, 'Tubang'),
(4597, 'Ulilin'),
(4598, 'Waan'),
(4599, 'Agimuga'),
(4600, 'Alama'),
(4601, 'Amar'),
(4602, 'Hoya'),
(4603, 'Iwaka'),
(4604, 'Jila'),
(4605, 'Jita'),
(4606, 'Kuala Kencana'),
(4607, 'Kwamki Narama'),
(4608, 'Mimika Barat'),
(4609, 'Mimika Barat Jauh'),
(4610, 'Mimika Barat Tengah'),
(4611, 'Mimika Baru'),
(4612, 'Mimika Tengah'),
(4613, 'Mimika Timur'),
(4614, 'Mimika Timur Jauh'),
(4615, 'Tembagapura'),
(4616, 'Wania'),
(4617, 'Dipa'),
(4618, 'Makimi'),
(4619, 'Menou'),
(4620, 'Moora'),
(4621, 'Nabire'),
(4622, 'Nabire Barat'),
(4623, 'Napan'),
(4624, 'Siriwo'),
(4625, 'Teluk Kimi'),
(4626, 'Teluk Umar'),
(4627, 'Uwapa'),
(4628, 'Wanggar'),
(4629, 'Wapoga'),
(4630, 'Yaro (Yaro Kabisay)'),
(4631, 'Yaur'),
(4632, 'Alama'),
(4633, 'Dal'),
(4634, 'Embetpen'),
(4635, 'Gearek'),
(4636, 'Geselma (Geselema)'),
(4637, 'Inikgal'),
(4638, 'Iniye'),
(4639, 'Kegayem'),
(4640, 'Kenyam'),
(4641, 'Kilmid'),
(4642, 'Kora'),
(4643, 'Koroptak'),
(4644, 'Krepkuri'),
(4645, 'Mam'),
(4646, 'Mapenduma'),
(4647, 'Mbua (Mbuga)'),
(4648, 'Mbua Tengah'),
(4649, 'Mbulmu Yalma'),
(4650, 'Mebarok'),
(4651, 'Moba'),
(4652, 'Mugi'),
(4653, 'Nenggeagin'),
(4654, 'Nirkuri'),
(4655, 'Paro'),
(4656, 'Pasir Putih'),
(4657, 'Pija'),
(4658, 'Wosak'),
(4659, 'Wusi'),
(4660, 'Wutpaga'),
(4661, 'Yal'),
(4662, 'Yenggelo'),
(4663, 'Yigi'),
(4664, 'Aradide'),
(4665, 'Bibida'),
(4666, 'Bogobaida'),
(4667, 'Dumadama'),
(4668, 'Ekadide'),
(4669, 'Kebo'),
(4670, 'Paniai Barat'),
(4671, 'Paniai Timur'),
(4672, 'Siriwo'),
(4673, 'Yatamo'),
(4674, 'Aboy'),
(4675, 'Alemsom'),
(4676, 'Awinbon'),
(4677, 'Batani'),
(4678, 'Batom'),
(4679, 'Bime'),
(4680, 'Borme'),
(4681, 'Eipumek'),
(4682, 'Iwur (Okiwur)'),
(4683, 'Jetfa'),
(4684, 'Kalomdol'),
(4685, 'Kawor'),
(4686, 'Kiwirok'),
(4687, 'Kiwirok Timur'),
(4688, 'Mofinop'),
(4689, 'Murkim'),
(4690, 'Nongme'),
(4691, 'Ok Aom'),
(4692, 'Okbab'),
(4693, 'Okbape'),
(4694, 'Okbemtau'),
(4695, 'Okbibab'),
(4696, 'Okhika'),
(4697, 'Oklip'),
(4698, 'Oksamol'),
(4699, 'Oksebang'),
(4700, 'Oksibil'),
(4701, 'Oksop'),
(4702, 'Pamek'),
(4703, 'Pepera'),
(4704, 'Serambakon'),
(4705, 'Tarup'),
(4706, 'Teiraplu'),
(4707, 'Weime'),
(4708, 'Agadugume'),
(4709, 'Beoga'),
(4710, 'Doufu'),
(4711, 'Gome'),
(4712, 'Ilaga'),
(4713, 'Pogoma'),
(4714, 'Sinak'),
(4715, 'Wangbe'),
(4716, 'Dagai'),
(4717, 'Dokome'),
(4718, 'Fawi'),
(4719, 'Gubume'),
(4720, 'Gurage'),
(4721, 'Ilamburawi'),
(4722, 'Ilu'),
(4723, 'Irimuli'),
(4724, 'Kalome'),
(4725, 'Kiyage'),
(4726, 'Lumo'),
(4727, 'Mewoluk'),
(4728, 'Molanikime'),
(4729, 'Muara'),
(4730, 'Mulia'),
(4731, 'Nioga'),
(4732, 'Nume'),
(4733, 'Pagaleme'),
(4734, 'Taganombak'),
(4735, 'Tingginambut'),
(4736, 'Torere'),
(4737, 'Waegi'),
(4738, 'Wanwi'),
(4739, 'Yambi'),
(4740, 'Yamo'),
(4741, 'Yamoneri'),
(4742, 'Apawer Hulu'),
(4743, 'Bonggo'),
(4744, 'Bonggo Timur'),
(4745, 'Pantai Barat'),
(4746, 'Pantai Timur'),
(4747, 'Pantai Timur Bagian Barat'),
(4748, 'Sarmi'),
(4749, 'Sarmi Selatan'),
(4750, 'Sarmi Timur'),
(4751, 'Tor Atas'),
(4752, 'Kepulauan Aruri'),
(4753, 'Supiori Barat'),
(4754, 'Supiori Selatan'),
(4755, 'Supiori Timur'),
(4756, 'Supiori Utara'),
(4757, 'Airgaram'),
(4758, 'Anawi'),
(4759, 'Aweku'),
(4760, 'Bewani'),
(4761, 'Biuk'),
(4762, 'Bogonuk'),
(4763, 'Bokondini'),
(4764, 'Bokoneri'),
(4765, 'Danime'),
(4766, 'Dow'),
(4767, 'Dundu (Ndundu)'),
(4768, 'Egiam'),
(4769, 'Geya'),
(4770, 'Gika'),
(4771, 'Gilubandu (Gilumbandu/Gilimbandu)'),
(4772, 'Goyage'),
(4773, 'Gundagi (Gudage)'),
(4774, 'Kai'),
(4775, 'Kamboneri'),
(4776, 'Kanggime (Kanggima )'),
(4777, 'Karubaga'),
(4778, 'Kembu'),
(4779, 'Kondaga (Konda)'),
(4780, 'Kuari'),
(4781, 'Kubu'),
(4782, 'Li Anogomma'),
(4783, 'Nabunage'),
(4784, 'Nelawi'),
(4785, 'Numba'),
(4786, 'Nunggawi (Munggawi)'),
(4787, 'Panaga'),
(4788, 'Poganeri'),
(4789, 'Tagime'),
(4790, 'Tagineri'),
(4791, 'Telenggeme'),
(4792, 'Timori'),
(4793, 'Demba'),
(4794, 'Inggerus'),
(4795, 'Kirihi'),
(4796, 'Masirei'),
(4797, 'Oudate'),
(4798, 'Risei Sayati'),
(4799, 'Soyoi Mambai'),
(4800, 'Urei Faisei'),
(4801, 'Wapoga'),
(4802, 'Waropen Bawah'),
(4803, 'Wonti'),
(4804, 'Amuma'),
(4805, 'Anggruk'),
(4806, 'Bomela'),
(4807, 'Dekai'),
(4808, 'Dirwemna (Diruwena)'),
(4809, 'Duram'),
(4810, 'Endomen'),
(4811, 'Hereapini (Hereanini)'),
(4812, 'Hilipuk'),
(4813, 'Hogio (Hugio)'),
(4814, 'Holuon'),
(4815, 'Kabianggama (Kabianggema)'),
(4816, 'Kayo'),
(4817, 'Kona'),
(4818, 'Koropun (Korupun)'),
(4819, 'Kosarek'),
(4820, 'Kurima'),
(4821, 'Kwelemdua (Kwelamdua)'),
(4822, 'Kwikma'),
(4823, 'Langda'),
(4824, 'Lolat'),
(4825, 'Mugi'),
(4826, 'Musaik'),
(4827, 'Nalca'),
(4828, 'Ninia'),
(4829, 'Nipsan'),
(4830, 'Obio'),
(4831, 'Panggema'),
(4832, 'Pasema'),
(4833, 'Pronggoli (Proggoli)'),
(4834, 'Puldama'),
(4835, 'Samenage'),
(4836, 'Sela'),
(4837, 'Seredela (Seredala)'),
(4838, 'Silimo'),
(4839, 'Soba'),
(4840, 'Abenaho'),
(4841, 'Apalapsili'),
(4842, 'Benawa'),
(4843, 'Elelim'),
(4844, 'Welarek'),
(4845, 'Arguni'),
(4846, 'Bomberay'),
(4847, 'Fakfak'),
(4848, 'Fakfak Barat'),
(4849, 'Fakfak Tengah'),
(4850, 'Fakfak Timur'),
(4851, 'Fakfak Timur Tengah'),
(4852, 'Furwagi'),
(4853, 'Karas'),
(4854, 'Kayauni'),
(4855, 'Kokas'),
(4856, 'Kramongmongga'),
(4857, 'Mbahamdandara'),
(4858, 'Pariwari'),
(4859, 'Teluk Patipi'),
(4860, 'Tomage'),
(4861, 'Wartutin'),
(4862, 'Buruway'),
(4863, 'Kaimana'),
(4864, 'Kambraw (Kamberau)'),
(4865, 'Teluk Arguni Atas'),
(4866, 'Teluk Arguni Bawah (Yerusi)'),
(4867, 'Teluk Etna'),
(4868, 'Yamor'),
(4869, 'Manokwari Barat'),
(4870, 'Manokwari Selatan'),
(4871, 'Manokwari Timur'),
(4872, 'Manokwari Utara'),
(4873, 'Masni'),
(4874, 'Prafi'),
(4875, 'Sidey'),
(4876, 'Tanah Rubuh'),
(4877, 'Warmare'),
(4878, 'Dataran Isim'),
(4879, 'Momi Waren'),
(4880, 'Neney'),
(4881, 'Oransbari'),
(4882, 'Ransiki'),
(4883, 'Tahota'),
(4884, 'Aifat'),
(4885, 'Aifat Selatan'),
(4886, 'Aifat Timur'),
(4887, 'Aifat Timur Jauh'),
(4888, 'Aifat Timur Selatan'),
(4889, 'Aifat Timur Tengah'),
(4890, 'Aifat Utara'),
(4891, 'Aitinyo'),
(4892, 'Aitinyo Barat'),
(4893, 'Aitinyo Raya'),
(4894, 'Aitinyo Tengah'),
(4895, 'Aitinyo Utara'),
(4896, 'Ayamaru'),
(4897, 'Ayamaru Barat'),
(4898, 'Ayamaru Jaya'),
(4899, 'Ayamaru Selatan'),
(4900, 'Ayamaru Selatan Jaya'),
(4901, 'Ayamaru Tengah'),
(4902, 'Ayamaru Timur'),
(4903, 'Ayamaru Timur Selatan'),
(4904, 'Ayamaru Utara'),
(4905, 'Ayamaru Utara Timur'),
(4906, 'Mare'),
(4907, 'Mare Selatan'),
(4908, 'Anggi'),
(4909, 'Anggi Gida'),
(4910, 'Catubouw'),
(4911, 'Didohu'),
(4912, 'Hingk'),
(4913, 'Membey'),
(4914, 'Minyambaouw'),
(4915, 'Sururey'),
(4916, 'Taige'),
(4917, 'Testega'),
(4918, 'Ayau'),
(4919, 'Batanta Selatan'),
(4920, 'Batanta Utara'),
(4921, 'Kepulauan Ayau'),
(4922, 'Kepulauan Sembilan'),
(4923, 'Kofiau'),
(4924, 'Kota Waisai'),
(4925, 'Meos Mansar'),
(4926, 'Misool (Misool Utara)'),
(4927, 'Misool Barat'),
(4928, 'Misool Selatan'),
(4929, 'Misool Timur'),
(4930, 'Salawati Barat'),
(4931, 'Salawati Tengah'),
(4932, 'Salawati Utara (Samate)'),
(4933, 'Supnin'),
(4934, 'Teluk Mayalibit'),
(4935, 'Tiplol Mayalibit'),
(4936, 'Waigeo Barat'),
(4937, 'Waigeo Barat Kepulauan'),
(4938, 'Waigeo Selatan'),
(4939, 'Waigeo Timur'),
(4940, 'Waigeo Utara'),
(4941, 'Warwabomi'),
(4942, 'Aimas'),
(4943, 'Beraur'),
(4944, 'Klabot'),
(4945, 'Klamono'),
(4946, 'Klaso'),
(4947, 'Klawak'),
(4948, 'Klayili'),
(4949, 'Makbon'),
(4950, 'Mariat'),
(4951, 'Maudus'),
(4952, 'Mayamuk'),
(4953, 'Moisegen'),
(4954, 'Salawati'),
(4955, 'Salawati Selatan'),
(4956, 'Sayosa'),
(4957, 'Seget'),
(4958, 'Segun'),
(4959, 'Klaurung'),
(4960, 'Maladum Mes'),
(4961, 'Malaimsimsa'),
(4962, 'Sorong'),
(4963, 'Sorong Barat'),
(4964, 'Sorong Kepulauan'),
(4965, 'Sorong Kota'),
(4966, 'Sorong Manoi'),
(4967, 'Sorong Timur'),
(4968, 'Sorong Utara'),
(4969, 'Fokour'),
(4970, 'Inanwatan (Inawatan)'),
(4971, 'Kais (Matemani Kais)'),
(4972, 'Kokoda'),
(4973, 'Kokoda Utara'),
(4974, 'Konda'),
(4975, 'Matemani'),
(4976, 'Moswaren'),
(4977, 'Saifi'),
(4978, 'Sawiat'),
(4979, 'Seremuk'),
(4980, 'Teminabuan'),
(4981, 'Wayer'),
(4982, 'Abun'),
(4983, 'Amberbaken'),
(4984, 'Amberbaken Barat'),
(4985, 'Ases'),
(4986, 'Bamusbama'),
(4987, 'Bikar'),
(4988, 'Fef'),
(4989, 'Ireres'),
(4990, 'Kasi'),
(4991, 'Kebar'),
(4992, 'Kebar Selatan'),
(4993, 'Kebar Timur'),
(4994, 'Kwesefo'),
(4995, 'Kwoor'),
(4996, 'Manekar'),
(4997, 'Mawabuan'),
(4998, 'Miyah'),
(4999, 'Miyah Selatan'),
(5000, 'Moraid'),
(5001, 'Mpur'),
(5002, 'Mubrani'),
(5003, 'Sausapor'),
(5004, 'Selemkai'),
(5005, 'Senopi'),
(5006, 'Syujak'),
(5007, 'Tinggouw'),
(5008, 'Tobouw'),
(5009, 'Wilhem Roumbouts'),
(5010, 'Yembun'),
(5011, 'Aranday'),
(5012, 'Aroba'),
(5013, 'Babo'),
(5014, 'Bintuni'),
(5015, 'Biscoop'),
(5016, 'Dataran Beimes'),
(5017, 'Fafurwar (Irorutu)'),
(5018, 'Kaitaro'),
(5019, 'Kamundan'),
(5020, 'Kuri'),
(5021, 'Manimeri'),
(5022, 'Masyeta'),
(5023, 'Mayado'),
(5024, 'Merdey'),
(5025, 'Moskona Barat'),
(5026, 'Moskona Selatan'),
(5027, 'Moskona Timur'),
(5028, 'Moskona Utara'),
(5029, 'Sumuri (Simuri)'),
(5030, 'Tembuni'),
(5031, 'Tomu'),
(5032, 'Tuhiba'),
(5033, 'Wamesa (Idoor)'),
(5034, 'Weriagar'),
(5035, 'Kuri Wamesa'),
(5036, 'Naikere (Wasior Barat)'),
(5037, 'Nikiwar'),
(5038, 'Rasiei'),
(5039, 'Roon'),
(5040, 'Roswar'),
(5041, 'Rumberpon'),
(5042, 'Soug Jaya'),
(5043, 'Teluk Duairi (Wasior Utara)'),
(5044, 'Wamesa'),
(5045, 'Wasior'),
(5046, 'Windesi'),
(5047, 'Wondiboy (Wasior Selatan)'),
(5048, 'Bantan'),
(5049, 'Bengkalis'),
(5050, 'Bukit Batu'),
(5051, 'Mandau'),
(5052, 'Pinggir'),
(5053, 'Rupat'),
(5054, 'Rupat Utara'),
(5055, 'Siak Kecil'),
(5056, 'Bukit Kapur'),
(5057, 'Dumai Barat'),
(5058, 'Dumai Kota'),
(5059, 'Dumai Selatan'),
(5060, 'Dumai Timur'),
(5061, 'Medang Kampai'),
(5062, 'Sungai Sembilan'),
(5063, 'Batang Tuaka'),
(5064, 'Concong'),
(5065, 'Enok'),
(5066, 'Gaung'),
(5067, 'Gaung Anak Serka'),
(5068, 'Kateman'),
(5069, 'Kempas'),
(5070, 'Kemuning'),
(5071, 'Keritang'),
(5072, 'Kuala Indragiri'),
(5073, 'Mandah'),
(5074, 'Pelangiran'),
(5075, 'Pulau Burung'),
(5076, 'Reteh'),
(5077, 'Sungai Batang'),
(5078, 'Tanah Merah'),
(5079, 'Teluk Belengkong'),
(5080, 'Tembilahan'),
(5081, 'Tembilahan Hulu'),
(5082, 'Tempuling'),
(5083, 'Batang Cenaku'),
(5084, 'Batang Gansal'),
(5085, 'Batang Peranap'),
(5086, 'Kelayang'),
(5087, 'Kuala Cenaku'),
(5088, 'Lirik'),
(5089, 'Lubuk Batu Jaya'),
(5090, 'Pasir Penyu'),
(5091, 'Peranap'),
(5092, 'Rakit Kulim'),
(5093, 'Rengat'),
(5094, 'Rengat Barat'),
(5095, 'Seberida'),
(5096, 'Sungai Lala'),
(5097, 'Bangkinang'),
(5098, 'Bangkinang Kota'),
(5099, 'Gunung Sahilan'),
(5100, 'Kampar'),
(5101, 'Kampar Kiri'),
(5102, 'Kampar Kiri Hilir'),
(5103, 'Kampar Kiri Hulu'),
(5104, 'Kampar Kiri Tengah'),
(5105, 'Kampar Timur'),
(5106, 'Kampar Utara'),
(5107, 'Koto Kampar Hulu'),
(5108, 'Kuok'),
(5109, 'Perhentian Raja'),
(5110, 'Rumbio Jaya'),
(5111, 'Salo'),
(5112, 'Siak Hulu'),
(5113, 'Tambang'),
(5114, 'Tapung'),
(5115, 'Tapung Hilir'),
(5116, 'Tapung Hulu'),
(5117, 'XIII Koto Kampar'),
(5118, 'Merbau'),
(5119, 'Pulaumerbau'),
(5120, 'Rangsang'),
(5121, 'Rangsang Barat'),
(5122, 'Rangsang Pesisir'),
(5123, 'Tasik Putri Puyu'),
(5124, 'Tebing Tinggi'),
(5125, 'Tebing Tinggi Barat'),
(5126, 'Tebing Tinggi Timur'),
(5127, 'Benai'),
(5128, 'Cerenti'),
(5129, 'Gunung Toar'),
(5130, 'Hulu Kuantan'),
(5131, 'Inuman'),
(5132, 'Kuantan Hilir'),
(5133, 'Kuantan Hilir Seberang'),
(5134, 'Kuantan Mudik'),
(5135, 'Kuantan Tengah'),
(5136, 'Logas Tanah Darat'),
(5137, 'Pangean'),
(5138, 'Pucuk Rantau'),
(5139, 'Sentajo Raya'),
(5140, 'Singingi'),
(5141, 'Singingi Hilir'),
(5142, 'Bukit Raya'),
(5143, 'Lima Puluh'),
(5144, 'Marpoyan Damai'),
(5145, 'Payung Sekaki'),
(5146, 'Pekanbaru Kota'),
(5147, 'Rumbai'),
(5148, 'Rumbai Pesisir'),
(5149, 'Sail'),
(5150, 'Senapelan'),
(5151, 'Sukajadi'),
(5152, 'Tampan'),
(5153, 'Tenayan Raya'),
(5154, 'Bandar Petalangan'),
(5155, 'Bandar Sei Kijang'),
(5156, 'Bunut'),
(5157, 'Kerumutan'),
(5158, 'Kuala Kampar'),
(5159, 'Langgam'),
(5160, 'Pangkalan Kerinci'),
(5161, 'Pangkalan Kuras'),
(5162, 'Pangkalan Lesung'),
(5163, 'Pelalawan');
INSERT INTO `l_kecamatan` (`id`, `kecamatan`) VALUES
(5164, 'Teluk Meranti'),
(5165, 'Ukui'),
(5166, 'Bagan Sinembah'),
(5167, 'Bangko'),
(5168, 'Bangko Pusaka (Pusako)'),
(5169, 'Batu Hampar'),
(5170, 'Kubu'),
(5171, 'Kubu Babussalam'),
(5172, 'Pasir Limau Kapas'),
(5173, 'Pekaitan'),
(5174, 'Pujud'),
(5175, 'Rantau Kopar'),
(5176, 'Rimba Melintang'),
(5177, 'Simpang Kanan'),
(5178, 'Sinaboi (Senaboi)'),
(5179, 'Tanah Putih'),
(5180, 'Tanah Putih Tanjung Melawan'),
(5181, 'Bangun Purba'),
(5182, 'Bonai Darussalam'),
(5183, 'Kabun'),
(5184, 'Kepenuhan'),
(5185, 'Kepenuhan Hulu'),
(5186, 'Kunto Darussalam'),
(5187, 'Pagaran Tapah Darussalam'),
(5188, 'Pendalian IV Koto'),
(5189, 'Rambah'),
(5190, 'Rambah Hilir'),
(5191, 'Rambah Samo'),
(5192, 'Rokan IV Koto'),
(5193, 'Tambusai'),
(5194, 'Tambusai Utara'),
(5195, 'Tandun'),
(5196, 'Ujung Batu'),
(5197, 'Bunga Raya'),
(5198, 'Dayun'),
(5199, 'Kandis'),
(5200, 'Kerinci Kanan'),
(5201, 'Koto Gasib'),
(5202, 'Lubuk Dalam'),
(5203, 'Mempura'),
(5204, 'Minas'),
(5205, 'Pusako'),
(5206, 'Sabak Auh'),
(5207, 'Siak'),
(5208, 'Sungai Apit'),
(5209, 'Sungai Mandau'),
(5210, 'Tualang'),
(5211, 'Banggae'),
(5212, 'Banggae Timur'),
(5213, 'Malunda'),
(5214, 'Pamboang'),
(5215, 'Sendana'),
(5216, 'Tammeredo Sendana'),
(5217, 'Tubo (Tubo Sendana)'),
(5218, 'Ulumunda'),
(5219, 'Aralle'),
(5220, 'Balla'),
(5221, 'Bambang'),
(5222, 'Buntumalangka'),
(5223, 'Mamasa'),
(5224, 'Mambi'),
(5225, 'Mehalaan'),
(5226, 'Messawa'),
(5227, 'Nosu'),
(5228, 'Pana'),
(5229, 'Rantebulahan Timur'),
(5230, 'Sesenapadang'),
(5231, 'Sumarorong'),
(5232, 'Tabang'),
(5233, 'Tabulahan'),
(5234, 'Tanduk Kalua'),
(5235, 'Tawalian'),
(5236, 'Bonehau'),
(5237, 'Kalukku'),
(5238, 'Kalumpang'),
(5239, 'Kep. Bala Balakang'),
(5240, 'Mamuju'),
(5241, 'Papalang'),
(5242, 'Sampaga'),
(5243, 'Simboro dan Kepulauan'),
(5244, 'Tapalang'),
(5245, 'Tapalang Barat'),
(5246, 'Tommo'),
(5247, 'Budong-Budong'),
(5248, 'Karossa'),
(5249, 'Pangale'),
(5250, 'Tobadak'),
(5251, 'Topoyo'),
(5252, 'Bambaira'),
(5253, 'Bambalamotu'),
(5254, 'Baras'),
(5255, 'Bulu Taba'),
(5256, 'Dapurang'),
(5257, 'Duripoku'),
(5258, 'Lariang'),
(5259, 'Pasangkayu'),
(5260, 'Pedongga'),
(5261, 'Sarjo'),
(5262, 'Sarudu'),
(5263, 'Tikke Raya'),
(5264, 'Alu (Allu)'),
(5265, 'Anreapi'),
(5266, 'Balanipa'),
(5267, 'Binuang'),
(5268, 'Bulo'),
(5269, 'Campalagian'),
(5270, 'Limboro'),
(5271, 'Luyo'),
(5272, 'Mapilli'),
(5273, 'Matakali'),
(5274, 'Matangnga'),
(5275, 'Polewali'),
(5276, 'Tapango'),
(5277, 'Tinambung'),
(5278, 'Tubbi Taramanu (Tutar/Tutallu)'),
(5279, 'Wonomulyo'),
(5280, 'Bantaeng'),
(5281, 'Bissappu'),
(5282, 'Eremerasa'),
(5283, 'Gantarang Keke (Gantareng Keke)'),
(5284, 'Pajukukang'),
(5285, 'Sinoa'),
(5286, 'Tompobulu'),
(5287, 'Uluere'),
(5288, 'Balusu'),
(5289, 'Barru'),
(5290, 'Mallusetasi'),
(5291, 'Pujananting'),
(5292, 'Soppeng Riaja'),
(5293, 'Tanete Riaja'),
(5294, 'Tanete Rilau'),
(5295, 'Ajangale'),
(5296, 'Amali'),
(5297, 'Awangpone'),
(5298, 'Barebbo'),
(5299, 'Bengo'),
(5300, 'Bontocani'),
(5301, 'Cenrana'),
(5302, 'Cina'),
(5303, 'Dua Boccoe'),
(5304, 'Kahu'),
(5305, 'Kajuara'),
(5306, 'Lamuru'),
(5307, 'Lappariaja'),
(5308, 'Libureng'),
(5309, 'Mare'),
(5310, 'Palakka'),
(5311, 'Patimpeng'),
(5312, 'Ponre'),
(5313, 'Salomekko'),
(5314, 'Sibulue'),
(5315, 'Tanete Riattang'),
(5316, 'Tanete Riattang Barat'),
(5317, 'Tanete Riattang Timur'),
(5318, 'Tellu Limpoe'),
(5319, 'Tellu Siattinge'),
(5320, 'Tonra'),
(5321, 'Ulaweng'),
(5322, 'Bonto Bahari'),
(5323, 'Bontotiro'),
(5324, 'Bulukumba (Bulukumpa)'),
(5325, 'Gantorang/Gantarang (Gangking)'),
(5326, 'Hero Lange-Lange (Herlang)'),
(5327, 'Kajang'),
(5328, 'Kindang'),
(5329, 'Rilau Ale'),
(5330, 'Ujung Bulu'),
(5331, 'Ujung Loe'),
(5332, 'Alla'),
(5333, 'Anggeraja'),
(5334, 'Baraka'),
(5335, 'Baroko'),
(5336, 'Bungin'),
(5337, 'Buntu Batu'),
(5338, 'Cendana'),
(5339, 'Curio'),
(5340, 'Enrekang'),
(5341, 'Maiwa'),
(5342, 'Malua'),
(5343, 'Masalle'),
(5344, 'Bajeng'),
(5345, 'Bajeng Barat'),
(5346, 'Barombong'),
(5347, 'Biringbulu'),
(5348, 'Bontolempangang'),
(5349, 'Bontomarannu'),
(5350, 'Bontonompo'),
(5351, 'Bontonompo Selatan'),
(5352, 'Bungaya'),
(5353, 'Manuju'),
(5354, 'Pallangga'),
(5355, 'Parangloe'),
(5356, 'Parigi'),
(5357, 'Pattallassang'),
(5358, 'Somba Opu (Upu)'),
(5359, 'Tinggimoncong'),
(5360, 'Tombolo Pao'),
(5361, 'Tompobulu'),
(5362, 'Arungkeke'),
(5363, 'Bangkala'),
(5364, 'Bangkala Barat'),
(5365, 'Batang'),
(5366, 'Binamu'),
(5367, 'Bontoramba'),
(5368, 'Kelara'),
(5369, 'Rumbia'),
(5370, 'Tamalatea'),
(5371, 'Tarowang'),
(5372, 'Turatea'),
(5373, 'Benteng'),
(5374, 'Bontoharu'),
(5375, 'Bontomanai'),
(5376, 'Bontomatene'),
(5377, 'Bontosikuyu'),
(5378, 'Buki'),
(5379, 'Pasilambena'),
(5380, 'Pasimarannu'),
(5381, 'Pasimassunggu'),
(5382, 'Pasimasunggu Timur'),
(5383, 'Takabonerate'),
(5384, 'Bajo'),
(5385, 'Bajo Barat'),
(5386, 'Basse Sangtempe Utara'),
(5387, 'Bassesang Tempe (Bastem)'),
(5388, 'Belopa'),
(5389, 'Belopa Utara'),
(5390, 'Bua'),
(5391, 'Bua Ponrang (Bupon)'),
(5392, 'Kamanre'),
(5393, 'Lamasi'),
(5394, 'Lamasi Timur'),
(5395, 'Larompong'),
(5396, 'Larompong Selatan'),
(5397, 'Latimojong'),
(5398, 'Ponrang'),
(5399, 'Ponrang Selatan'),
(5400, 'Suli'),
(5401, 'Suli Barat'),
(5402, 'Walenrang'),
(5403, 'Walenrang Barat'),
(5404, 'Walenrang Timur'),
(5405, 'Walenrang Utara'),
(5406, 'Angkona'),
(5407, 'Burau'),
(5408, 'Kalaena'),
(5409, 'Malili'),
(5410, 'Mangkutana'),
(5411, 'Nuha'),
(5412, 'Tomoni'),
(5413, 'Tomoni Timur'),
(5414, 'Towuti'),
(5415, 'Wasuponda'),
(5416, 'Wotu'),
(5417, 'Baebunta'),
(5418, 'Bone-Bone'),
(5419, 'Limbong'),
(5420, 'Malangke'),
(5421, 'Malangke Barat'),
(5422, 'Mappedeceng'),
(5423, 'Masamba'),
(5424, 'Rampi'),
(5425, 'Sabbang'),
(5426, 'Seko'),
(5427, 'Sukamaju'),
(5428, 'Tana Lili'),
(5429, 'Biring Kanaya'),
(5430, 'Bontoala'),
(5431, 'Makassar'),
(5432, 'Mamajang'),
(5433, 'Manggala'),
(5434, 'Mariso'),
(5435, 'Panakkukang'),
(5436, 'Rappocini'),
(5437, 'Tallo'),
(5438, 'Tamalanrea'),
(5439, 'Tamalate'),
(5440, 'Ujung Pandang'),
(5441, 'Ujung Tanah'),
(5442, 'Wajo'),
(5443, 'Bantimurung'),
(5444, 'Bontoa (Maros Utara)'),
(5445, 'Camba'),
(5446, 'Cenrana'),
(5447, 'Lau'),
(5448, 'Mallawa'),
(5449, 'Mandai'),
(5450, 'Maros Baru'),
(5451, 'Marusu'),
(5452, 'Moncongloe'),
(5453, 'Simbang'),
(5454, 'Tanralili'),
(5455, 'Tompu Bulu'),
(5456, 'Turikale'),
(5457, 'Bara'),
(5458, 'Mungkajang'),
(5459, 'Sendana'),
(5460, 'Telluwanua'),
(5461, 'Wara'),
(5462, 'Wara Barat'),
(5463, 'Wara Selatan'),
(5464, 'Wara Timur'),
(5465, 'Wara Utara'),
(5466, 'Balocci'),
(5467, 'Bungoro'),
(5468, 'Labakkang'),
(5469, 'Liukang Kalmas (Kalukuang Masalima)'),
(5470, 'Liukang Tangaya'),
(5471, 'Liukang Tupabbiring'),
(5472, 'Liukang Tupabbiring Utara'),
(5473, 'Mandalle'),
(5474, 'Marang (Ma Rang)'),
(5475, 'Minasa Tene'),
(5476, 'Pangkajene'),
(5477, 'Segeri'),
(5478, 'Tondong Tallasa'),
(5479, 'Bacukiki'),
(5480, 'Bacukiki Barat'),
(5481, 'Soreang'),
(5482, 'Ujung'),
(5483, 'Batulappa'),
(5484, 'Cempa'),
(5485, 'Duampanua'),
(5486, 'Lanrisang'),
(5487, 'Lembang'),
(5488, 'Mattiro Bulu'),
(5489, 'Mattiro Sompe'),
(5490, 'Paleteang'),
(5491, 'Patampanua'),
(5492, 'Suppa'),
(5493, 'Tiroang'),
(5494, 'Watang Sawitto'),
(5495, 'Baranti'),
(5496, 'Dua Pitue'),
(5497, 'Kulo'),
(5498, 'Maritengngae'),
(5499, 'Panca Lautan (Lautang)'),
(5500, 'Panca Rijang'),
(5501, 'Pitu Raise/Riase'),
(5502, 'Pitu Riawa'),
(5503, 'Tellu Limpoe'),
(5504, 'Watang Pulu'),
(5505, 'Wattang Sidenreng (Watang Sidenreng)'),
(5506, 'Bulupoddo'),
(5507, 'Pulau Sembilan'),
(5508, 'Sinjai Barat'),
(5509, 'Sinjai Borong'),
(5510, 'Sinjai Selatan'),
(5511, 'Sinjai Tengah'),
(5512, 'Sinjai Timur'),
(5513, 'Sinjai Utara'),
(5514, 'Tellu Limpoe'),
(5515, 'Citta'),
(5516, 'Donri-Donri'),
(5517, 'Ganra'),
(5518, 'Lalabata'),
(5519, 'Lili Rilau'),
(5520, 'Liliraja (Lili Riaja)'),
(5521, 'Mario Riawa'),
(5522, 'Mario Riwawo'),
(5523, 'Galesong'),
(5524, 'Galesong Selatan'),
(5525, 'Galesong Utara'),
(5526, 'Mangara Bombang'),
(5527, 'Mappakasunggu'),
(5528, 'Patallassang'),
(5529, 'Polombangkeng Selatan (Polobangkeng)'),
(5530, 'Polombangkeng Utara (Polobangkeng)'),
(5531, 'Sanrobone'),
(5532, 'Bittuang'),
(5533, 'Bonggakaradeng'),
(5534, 'Gandang Batu Sillanan'),
(5535, 'Kurra'),
(5536, 'Makale'),
(5537, 'Makale Selatan'),
(5538, 'Makale Utara'),
(5539, 'Malimbong Balepe'),
(5540, 'Mappak'),
(5541, 'Masanda'),
(5542, 'Mengkendek'),
(5543, 'Rano'),
(5544, 'Rantetayo'),
(5545, 'Rembon'),
(5546, 'Saluputti'),
(5547, 'Sangalla (Sanggala)'),
(5548, 'Sangalla Selatan'),
(5549, 'Sangalla Utara'),
(5550, 'Simbuang'),
(5551, 'Awan Rante Karua'),
(5552, 'Balusu'),
(5553, 'Bangkelekila'),
(5554, 'Baruppu'),
(5555, 'Buntao'),
(5556, 'Buntu Pepasan'),
(5557, 'Dende&#039; Piongan Napo'),
(5558, 'Kapalla Pitu (Kapala Pitu)'),
(5559, 'Kesu'),
(5560, 'Nanggala'),
(5561, 'Rantebua'),
(5562, 'Rantepao'),
(5563, 'Rindingallo'),
(5564, 'Sa&#039;dan'),
(5565, 'Sanggalangi'),
(5566, 'Sesean'),
(5567, 'Sesean Suloara'),
(5568, 'Sopai'),
(5569, 'Tallunglipu'),
(5570, 'Tikala'),
(5571, 'Tondon'),
(5572, 'Belawa'),
(5573, 'Bola'),
(5574, 'Gilireng'),
(5575, 'Keera'),
(5576, 'Majauleng'),
(5577, 'Maniangpajo'),
(5578, 'Pammana'),
(5579, 'Penrang'),
(5580, 'Pitumpanua'),
(5581, 'Sabangparu'),
(5582, 'Sajoanging'),
(5583, 'Takkalalla'),
(5584, 'Tanasitolo'),
(5585, 'Tempe'),
(5586, 'Balantak'),
(5587, 'Balantak Selatan'),
(5588, 'Balantak Utara'),
(5589, 'Batui'),
(5590, 'Batui Selatan'),
(5591, 'Bualemo (Boalemo)'),
(5592, 'Bunta'),
(5593, 'Kintom'),
(5594, 'Lamala'),
(5595, 'Lobu'),
(5596, 'Luwuk'),
(5597, 'Luwuk Selatan'),
(5598, 'Luwuk Timur'),
(5599, 'Luwuk Utara'),
(5600, 'Mantoh'),
(5601, 'Masama'),
(5602, 'Moilong'),
(5603, 'Nambo'),
(5604, 'Nuhon'),
(5605, 'Pagimana'),
(5606, 'Simpang Raya'),
(5607, 'Toili'),
(5608, 'Toili Barat'),
(5609, 'Buko'),
(5610, 'Buko Selatan'),
(5611, 'Bulagi'),
(5612, 'Bulagi Selatan'),
(5613, 'Bulagi Utara'),
(5614, 'Liang'),
(5615, 'Peling Tengah'),
(5616, 'Tinangkung'),
(5617, 'Tinangkung Selatan'),
(5618, 'Tinangkung Utara'),
(5619, 'Totikum (Totikung)'),
(5620, 'Totikum Selatan'),
(5621, 'Banggai'),
(5622, 'Banggai Selatan'),
(5623, 'Banggai Tengah'),
(5624, 'Banggai Utara'),
(5625, 'Bangkurung'),
(5626, 'Bokan Kepulauan'),
(5627, 'Labobo'),
(5628, 'Biau'),
(5629, 'Bokat'),
(5630, 'Bukal'),
(5631, 'Bunobogu'),
(5632, 'Gadung'),
(5633, 'Karamat'),
(5634, 'Lakea (Lipunoto)'),
(5635, 'Momunu'),
(5636, 'Paleleh'),
(5637, 'Paleleh Barat'),
(5638, 'Tiloan'),
(5639, 'Balaesang'),
(5640, 'Balaesang Tanjung'),
(5641, 'Banawa'),
(5642, 'Banawa Selatan'),
(5643, 'Banawa Tengah'),
(5644, 'Dampelas'),
(5645, 'Labuan'),
(5646, 'Panembani'),
(5647, 'Rio Pakava'),
(5648, 'Sindue'),
(5649, 'Sindue Tobata'),
(5650, 'Sindue Tombusabora'),
(5651, 'Sirenja'),
(5652, 'Sojol'),
(5653, 'Sojol Utara'),
(5654, 'Tanantovea'),
(5655, 'Bahodopi'),
(5656, 'Bumi Raya'),
(5657, 'Bungku Barat'),
(5658, 'Bungku Pesisir'),
(5659, 'Bungku Selatan'),
(5660, 'Bungku Tengah'),
(5661, 'Bungku Timur'),
(5662, 'Menui Kepulauan'),
(5663, 'Wita Ponda'),
(5664, 'Bungku Utara'),
(5665, 'Lembo'),
(5666, 'Lembo Raya'),
(5667, 'Mamosalato'),
(5668, 'Mori Atas'),
(5669, 'Mori Utara'),
(5670, 'Petasia'),
(5671, 'Petasia Timur'),
(5672, 'Soyo Jaya'),
(5673, 'Mantikulore'),
(5674, 'Palu Barat'),
(5675, 'Palu Selatan'),
(5676, 'Palu Timur'),
(5677, 'Palu Utara'),
(5678, 'Tatanga'),
(5679, 'Tawaeli'),
(5680, 'Ulujadi'),
(5681, 'Ampibabo'),
(5682, 'Balinggi'),
(5683, 'Bolano'),
(5684, 'Bolano Lambunu'),
(5685, 'Kasimbar'),
(5686, 'Mepanga'),
(5687, 'Moutong'),
(5688, 'Ongka Malino'),
(5689, 'Palasa'),
(5690, 'Parigi'),
(5691, 'Parigi Barat'),
(5692, 'Parigi Selatan'),
(5693, 'Parigi Tengah'),
(5694, 'Parigi Utara'),
(5695, 'Sausu'),
(5696, 'Sidoan'),
(5697, 'Siniu'),
(5698, 'Taopa'),
(5699, 'Tinombo'),
(5700, 'Tinombo Selatan'),
(5701, 'Tomini'),
(5702, 'Toribulu'),
(5703, 'Torue'),
(5704, 'Lage'),
(5705, 'Lore Barat'),
(5706, 'Lore Piore'),
(5707, 'Lore Selatan'),
(5708, 'Lore Tengah'),
(5709, 'Lore Timur'),
(5710, 'Lore Utara'),
(5711, 'Pamona Barat'),
(5712, 'Pamona Puselemba'),
(5713, 'Pamona Selatan'),
(5714, 'Pamona Tenggara'),
(5715, 'Pamona Timur'),
(5716, 'Pamona Utara'),
(5717, 'Poso Kota'),
(5718, 'Poso Kota Selatan'),
(5719, 'Poso Kota Utara'),
(5720, 'Poso Pesisir'),
(5721, 'Poso Pesisir Selatan'),
(5722, 'Poso Pesisir Utara'),
(5723, 'Dolo'),
(5724, 'Dolo Barat'),
(5725, 'Dolo Selatan'),
(5726, 'Gumbasa'),
(5727, 'Kinovaro'),
(5728, 'Kulawi'),
(5729, 'Kulawi Selatan'),
(5730, 'Lindu'),
(5731, 'Marawola'),
(5732, 'Marawola Barat'),
(5733, 'Nokilalaki'),
(5734, 'Palolo'),
(5735, 'Pipikoro'),
(5736, 'Sigi Biromaru'),
(5737, 'Tanambulava'),
(5738, 'Ampana Kota'),
(5739, 'Ampana Tete'),
(5740, 'Batudaka'),
(5741, 'Ratolindo'),
(5742, 'Talatako'),
(5743, 'Togean'),
(5744, 'Tojo'),
(5745, 'Tojo Barat'),
(5746, 'Ulubongka'),
(5747, 'Una Una'),
(5748, 'Walea Besar'),
(5749, 'Walea Kepulauan'),
(5750, 'Baolan'),
(5751, 'Basidondo'),
(5752, 'Dako Pamean'),
(5753, 'Dampal Selatan'),
(5754, 'Dampal Utara'),
(5755, 'Dondo'),
(5756, 'Galang'),
(5757, 'Lampasio'),
(5758, 'Ogodeide'),
(5759, 'Tolitoli Utara'),
(5760, 'Batupoaro'),
(5761, 'Betoambari'),
(5762, 'Bungi'),
(5763, 'Kokalukuna'),
(5764, 'Lea-Lea'),
(5765, 'Murhum'),
(5766, 'Sora Walio (Sorowalio)'),
(5767, 'Wolio'),
(5768, 'Kabaena'),
(5769, 'Kabaena Barat'),
(5770, 'Kabaena Selatan'),
(5771, 'Kabaena Tengah'),
(5772, 'Kabaena Timur'),
(5773, 'Kabaena Utara'),
(5774, 'Kepulauan Masaloka Raya'),
(5775, 'Lentarai Jaya S. (Lantari Jaya)'),
(5776, 'Mata Oleo'),
(5777, 'Mata Usu'),
(5778, 'Poleang'),
(5779, 'Poleang Barat'),
(5780, 'Poleang Selatan'),
(5781, 'Poleang Tengah'),
(5782, 'Poleang Tenggara'),
(5783, 'Poleang Timur'),
(5784, 'Poleang Utara'),
(5785, 'Rarowatu'),
(5786, 'Rarowatu Utara'),
(5787, 'Rumbia'),
(5788, 'Rumbia Tengah'),
(5789, 'Tontonunu (Tontonuwu)'),
(5790, 'Kapontori'),
(5791, 'Lasalimu'),
(5792, 'Lasalimu Selatan'),
(5793, 'Pasar Wajo'),
(5794, 'Siontapia (Siontapina)'),
(5795, 'Wabula'),
(5796, 'Wolowa'),
(5797, 'Batauga'),
(5798, 'Batu Atas'),
(5799, 'Kadatua'),
(5800, 'Lapandewa'),
(5801, 'Sampolawa'),
(5802, 'Siompu'),
(5803, 'Siompu Barat'),
(5804, 'Gu'),
(5805, 'Lakudo'),
(5806, 'Mawasangka'),
(5807, 'Mawasangka Tengah'),
(5808, 'Mawasangka Timur'),
(5809, 'Sangia Wambulu'),
(5810, 'Talaga Raya'),
(5811, 'Bonegunu'),
(5812, 'Kambowa'),
(5813, 'Kulisusu (Kalingsusu/Kalisusu)'),
(5814, 'Kulisusu Barat'),
(5815, 'Kulisusu Utara'),
(5816, 'Wakorumba Utara'),
(5817, 'Abeli'),
(5818, 'Baruga'),
(5819, 'Kadia'),
(5820, 'Kambu'),
(5821, 'Kendari'),
(5822, 'Kendari Barat'),
(5823, 'Mandonga'),
(5824, 'Poasia'),
(5825, 'Puuwatu'),
(5826, 'Wua-Wua'),
(5827, 'Baula'),
(5828, 'Iwoimendaa'),
(5829, 'Kolaka'),
(5830, 'Latambaga'),
(5831, 'Polinggona'),
(5832, 'Pomalaa'),
(5833, 'Samaturu'),
(5834, 'Tanggetada'),
(5835, 'Toari'),
(5836, 'Watubangga'),
(5837, 'Wolo'),
(5838, 'Wundulako'),
(5839, 'Aere'),
(5840, 'Dangia'),
(5841, 'Ladongi'),
(5842, 'Lalolae'),
(5843, 'Lambandia'),
(5844, 'Loea'),
(5845, 'Mowewe'),
(5846, 'Poli Polia'),
(5847, 'Tinondo'),
(5848, 'Tirawuta'),
(5849, 'Ueesi'),
(5850, 'Uluiwoi'),
(5851, 'Batu Putih'),
(5852, 'Katoi'),
(5853, 'Kodeoha'),
(5854, 'Lambai'),
(5855, 'Lasusua'),
(5856, 'Ngapa'),
(5857, 'Pakue'),
(5858, 'Pakue Tengah'),
(5859, 'Pakue Utara'),
(5860, 'Porehu'),
(5861, 'Rante Angin'),
(5862, 'Tiwu'),
(5863, 'Tolala'),
(5864, 'Watunohu'),
(5865, 'Wawo'),
(5866, 'Abuki'),
(5867, 'Amonggedo'),
(5868, 'Anggaberi'),
(5869, 'Asinua'),
(5870, 'Besulutu'),
(5871, 'Bondoala'),
(5872, 'Kapoiala (Kapoyala)'),
(5873, 'Konawe'),
(5874, 'Lalonggasumeeto'),
(5875, 'Lambuya'),
(5876, 'Latoma'),
(5877, 'Meluhu'),
(5878, 'Onembute'),
(5879, 'Pondidaha'),
(5880, 'Puriala'),
(5881, 'Routa'),
(5882, 'Sampara'),
(5883, 'Soropia'),
(5884, 'Tongauna'),
(5885, 'Uepai (Uwepai)'),
(5886, 'Unaaha'),
(5887, 'Wawotobi'),
(5888, 'Wonggeduku'),
(5889, 'Wawonii Barat'),
(5890, 'Wawonii Selatan'),
(5891, 'Wawonii Tengah'),
(5892, 'Wawonii Tenggara'),
(5893, 'Wawonii Timur'),
(5894, 'Wawonii Timur Laut'),
(5895, 'Wawonii Utara'),
(5896, 'Andoolo'),
(5897, 'Angata'),
(5898, 'Baito'),
(5899, 'Basala'),
(5900, 'Benua'),
(5901, 'Buke'),
(5902, 'Kolono'),
(5903, 'Konda'),
(5904, 'Laeya'),
(5905, 'Lainea'),
(5906, 'Lalembuu'),
(5907, 'Landono'),
(5908, 'Laonti'),
(5909, 'Moramo'),
(5910, 'Moramo Utara'),
(5911, 'Mowila'),
(5912, 'Palangga'),
(5913, 'Palangga Selatan'),
(5914, 'Ranomeeto'),
(5915, 'Ranomeeto Barat'),
(5916, 'Tinanggea'),
(5917, 'Wolasi'),
(5918, 'Andowia'),
(5919, 'Asera'),
(5920, 'Langgikima'),
(5921, 'Lasolo'),
(5922, 'Lembo'),
(5923, 'Molawe'),
(5924, 'Motui'),
(5925, 'Oheo'),
(5926, 'Sawa'),
(5927, 'Wiwirano'),
(5928, 'Batalaiwaru (Batalaiworu)'),
(5929, 'Batukara'),
(5930, 'Bone (Bone Tondo)'),
(5931, 'Duruka'),
(5932, 'Kabangka'),
(5933, 'Kabawo'),
(5934, 'Katobu'),
(5935, 'Kontu Kowuna'),
(5936, 'Kontunaga'),
(5937, 'Lasalepa'),
(5938, 'Lohia'),
(5939, 'Maligano'),
(5940, 'Marobo'),
(5941, 'Napabalano'),
(5942, 'Parigi'),
(5943, 'Pasi Kolaga'),
(5944, 'Pasir Putih'),
(5945, 'Tongkuno'),
(5946, 'Tongkuno Selatan'),
(5947, 'Towea'),
(5948, 'Wakorumba Selatan'),
(5949, 'Watopute'),
(5950, 'Barangka'),
(5951, 'Kusambi'),
(5952, 'Lawa'),
(5953, 'Maginti'),
(5954, 'Napano Kusambi'),
(5955, 'Sawerigadi'),
(5956, 'Tiworo Kepulauan'),
(5957, 'Tiworo Selatan'),
(5958, 'Tiworo Tengah'),
(5959, 'Tiworo Utara'),
(5960, 'Wadaga'),
(5961, 'Binongko'),
(5962, 'Kaledupa'),
(5963, 'Kaledupa Selatan'),
(5964, 'Togo Binongko'),
(5965, 'Tomia'),
(5966, 'Tomia Timur'),
(5967, 'Wangi-Wangi'),
(5968, 'Wangi-Wangi Selatan'),
(5969, 'Aertembaga (Bitung Timur)'),
(5970, 'Girian'),
(5971, 'Lembeh Selatan (Bitung Selatan)'),
(5972, 'Lembeh Utara'),
(5973, 'Madidir (Bitung Tengah)'),
(5974, 'Maesa'),
(5975, 'Matuari (Bitung Barat)'),
(5976, 'Ranowulu (Bitung Utara)'),
(5977, 'Bilalang'),
(5978, 'Bolaang'),
(5979, 'Bolaang Timur'),
(5980, 'Dumoga'),
(5981, 'Dumoga Barat'),
(5982, 'Dumoga Tengah'),
(5983, 'Dumoga Tenggara'),
(5984, 'Dumoga Timur'),
(5985, 'Dumoga Utara'),
(5986, 'Lolak'),
(5987, 'Lolayan'),
(5988, 'Passi Barat'),
(5989, 'Passi Timur'),
(5990, 'Poigar'),
(5991, 'Sang Tombolang'),
(5992, 'Bolaang Uki'),
(5993, 'Pinolosian'),
(5994, 'Pinolosian Tengah'),
(5995, 'Pinolosian Timur'),
(5996, 'Posigadan'),
(5997, 'Kotabunan'),
(5998, 'Modayag'),
(5999, 'Modayag Barat'),
(6000, 'Nuangan'),
(6001, 'Tutuyan'),
(6002, 'Bintauna'),
(6003, 'Bolang Itang Barat'),
(6004, 'Bolang Itang Timur'),
(6005, 'Kaidipang'),
(6006, 'Pinogaluman'),
(6007, 'Sangkub'),
(6008, 'Kendahe'),
(6009, 'Kepulauan Marore'),
(6010, 'Manganitu'),
(6011, 'Manganitu Selatan'),
(6012, 'Nusa Tabukan'),
(6013, 'Tabukan Selatan'),
(6014, 'Tabukan Selatan Tengah'),
(6015, 'Tabukan Selatan Tenggara'),
(6016, 'Tabukan Tengah'),
(6017, 'Tabukan Utara'),
(6018, 'Tahuna'),
(6019, 'Tahuna Barat'),
(6020, 'Tahuna Timur'),
(6021, 'Tamako'),
(6022, 'Tatoareng'),
(6023, 'Biaro'),
(6024, 'Siau Barat'),
(6025, 'Siau Barat Selatan'),
(6026, 'Siau Barat Utara'),
(6027, 'Siau Tengah'),
(6028, 'Siau Timur'),
(6029, 'Siau Timur Selatan'),
(6030, 'Tagulandang'),
(6031, 'Tagulandang Selatan'),
(6032, 'Tagulandang Utara'),
(6033, 'Beo'),
(6034, 'Beo Selatan'),
(6035, 'Beo Utara'),
(6036, 'Damao (Damau)'),
(6037, 'Essang'),
(6038, 'Essang Selatan'),
(6039, 'Gemeh'),
(6040, 'Kabaruan'),
(6041, 'Kalongan'),
(6042, 'Lirung'),
(6043, 'Melonguane'),
(6044, 'Melonguane Timur'),
(6045, 'Miangas'),
(6046, 'Moronge'),
(6047, 'Nanusa'),
(6048, 'Pulutan'),
(6049, 'Rainis'),
(6050, 'Salibabu'),
(6051, 'Tampan Amma'),
(6052, 'Kotamobagu Barat'),
(6053, 'Kotamobagu Selatan'),
(6054, 'Kotamobagu Timur'),
(6055, 'Kotamobagu Utara'),
(6056, 'Bunaken'),
(6057, 'Bunaken Kepulauan'),
(6058, 'Malalayang'),
(6059, 'Mapanget'),
(6060, 'Paal Dua'),
(6061, 'Sario'),
(6062, 'Singkil'),
(6063, 'Tikala'),
(6064, 'Tuminiting'),
(6065, 'Wanea'),
(6066, 'Wenang'),
(6067, 'Eris'),
(6068, 'Kakas'),
(6069, 'Kakas Barat'),
(6070, 'Kawangkoan'),
(6071, 'Kawangkoan Barat'),
(6072, 'Kawangkoan Utara'),
(6073, 'Kombi'),
(6074, 'Langowan Barat'),
(6075, 'Langowan Selatan'),
(6076, 'Langowan Timur'),
(6077, 'Langowan Utara'),
(6078, 'Lembean Timur'),
(6079, 'Mandolang'),
(6080, 'Pineleng'),
(6081, 'Remboken'),
(6082, 'Sonder'),
(6083, 'Tombariri'),
(6084, 'Tombariri Timur'),
(6085, 'Tombulu'),
(6086, 'Tompaso'),
(6087, 'Tompaso Barat'),
(6088, 'Tondano Barat'),
(6089, 'Tondano Selatan'),
(6090, 'Tondano Timur'),
(6091, 'Tondano Utara'),
(6092, 'Amurang'),
(6093, 'Amurang Barat'),
(6094, 'Amurang Timur'),
(6095, 'Kumelembuai'),
(6096, 'Maesaan'),
(6097, 'Modoinding'),
(6098, 'Motoling'),
(6099, 'Motoling Barat'),
(6100, 'Motoling Timur'),
(6101, 'Ranoyapo'),
(6102, 'Sinonsayang'),
(6103, 'Suluun Tareran'),
(6104, 'Tareran'),
(6105, 'Tatapaan'),
(6106, 'Tenga'),
(6107, 'Tompaso Baru'),
(6108, 'Tumpaan'),
(6109, 'Belang'),
(6110, 'Pasan'),
(6111, 'Pusomaen'),
(6112, 'Ratahan'),
(6113, 'Ratahan Timur'),
(6114, 'Ratatotok'),
(6115, 'Silian Raya'),
(6116, 'Tombatu'),
(6117, 'Tombatu Timur'),
(6118, 'Tombatu Utara'),
(6119, 'Touluaan'),
(6120, 'Touluaan Selatan'),
(6121, 'Airmadidi'),
(6122, 'Dimembe'),
(6123, 'Kalawat'),
(6124, 'Kauditan'),
(6125, 'Kema'),
(6126, 'Likupang Barat'),
(6127, 'Likupang Selatan'),
(6128, 'Likupang Timur'),
(6129, 'Talawaan'),
(6130, 'Wori'),
(6131, 'Tomohon Barat'),
(6132, 'Tomohon Selatan'),
(6133, 'Tomohon Tengah'),
(6134, 'Tomohon Timur'),
(6135, 'Tomohon Utara'),
(6136, 'Ampek Nagari (IV Nagari )'),
(6137, 'Banuhampu'),
(6138, 'Baso'),
(6139, 'Candung'),
(6140, 'IV Angkat Candung (Ampek Angkek)'),
(6141, 'IV Koto (Ampek Koto)'),
(6142, 'Kamang Magek'),
(6143, 'Lubuk Basung'),
(6144, 'Malakak'),
(6145, 'Matur'),
(6146, 'Palembayan'),
(6147, 'Palupuh'),
(6148, 'Sungai Pua (Puar)'),
(6149, 'Tanjung Mutiara'),
(6150, 'Tanjung Raya'),
(6151, 'Tilatang Kamang'),
(6152, 'Asam Jujuhan'),
(6153, 'Koto Baru'),
(6154, 'Koto Besar'),
(6155, 'Koto Salak'),
(6156, 'Padang Laweh'),
(6157, 'Pulau Punjung'),
(6158, 'Sembilan Koto'),
(6159, 'Sitiung'),
(6160, 'Sungai Rumbai'),
(6161, 'Timpeh'),
(6162, 'Tiumang'),
(6163, 'Pagai Selatan'),
(6164, 'Pagai Utara'),
(6165, 'Siberut Barat'),
(6166, 'Siberut Barat Daya'),
(6167, 'Siberut Selatan'),
(6168, 'Siberut Tengah'),
(6169, 'Siberut Utara'),
(6170, 'Sikakap'),
(6171, 'Sipora Selatan'),
(6172, 'Sipora Utara'),
(6173, 'Akabiluru'),
(6174, 'Bukik Barisan'),
(6175, 'Guguak (Gugu)'),
(6176, 'Gunuang Omeh (Gunung Mas)'),
(6177, 'Harau'),
(6178, 'Kapur IX/Sembilan'),
(6179, 'Lareh Sago Halaban'),
(6180, 'Luak (Luhak)'),
(6181, 'Mungka'),
(6182, 'Pangkalan Koto Baru'),
(6183, 'Payakumbuh'),
(6184, 'Situjuah Limo/Lima Nagari'),
(6185, 'Suliki'),
(6186, 'Bungus Teluk Kabung'),
(6187, 'Koto Tangah'),
(6188, 'Kuranji'),
(6189, 'Lubuk Begalung'),
(6190, 'Lubuk Kilangan'),
(6191, 'Nanggalo'),
(6192, 'Padang Barat'),
(6193, 'Padang Selatan'),
(6194, 'Padang Timur'),
(6195, 'Padang Utara'),
(6196, 'Pauh'),
(6197, 'Padang Panjang Barat'),
(6198, 'Padang Panjang Timur'),
(6199, '2 X 11 Enam Lingkung'),
(6200, '2 X 11 Kayu Tanam'),
(6201, 'Batang Anai'),
(6202, 'Batang Gasan'),
(6203, 'Enam Lingkung'),
(6204, 'IV Koto Aur Malintang'),
(6205, 'Lubuk Alung'),
(6206, 'Nan Sabaris'),
(6207, 'Padang Sago'),
(6208, 'Patamuan'),
(6209, 'Sintuk/Sintuak Toboh Gadang'),
(6210, 'Sungai Geringging/Garingging'),
(6211, 'Sungai Limau'),
(6212, 'Ulakan Tapakih/Tapakis'),
(6213, 'V Koto Kampung Dalam'),
(6214, 'V Koto Timur'),
(6215, 'VII Koto Sungai Sarik'),
(6216, 'Pariaman Selatan'),
(6217, 'Pariaman Tengah'),
(6218, 'Pariaman Timur'),
(6219, 'Pariaman Utara'),
(6220, 'Bonjol'),
(6221, 'Duo Koto (II Koto)'),
(6222, 'Lubuk Sikaping'),
(6223, 'Mapat Tunggul'),
(6224, 'Mapat Tunggul Selatan'),
(6225, 'Padang Gelugur'),
(6226, 'Panti'),
(6227, NULL),
(6228, 'Gunung Tuleh'),
(6229, 'Kinali'),
(6230, 'Koto Balingka'),
(6231, 'Lembah Melintang'),
(6232, 'Luhak Nan Duo'),
(6233, 'Pasaman'),
(6234, 'Ranah Batahan'),
(6235, 'Sasak Ranah Pasisir/Pesisie'),
(6236, 'Sei Beremas'),
(6237, 'Sungai Aur'),
(6238, 'Talamau'),
(6239, 'Lamposi Tigo Nagari'),
(6240, 'Payakumbuh Barat'),
(6241, 'Payakumbuh Selatan'),
(6242, 'Payakumbuh Timur'),
(6243, 'Payakumbuh Utara'),
(6244, 'Airpura'),
(6245, 'Basa Ampek Balai Tapan'),
(6246, 'Batang Kapas'),
(6247, 'Bayang'),
(6248, 'IV Jurai'),
(6249, 'IV Nagari Bayang Utara'),
(6250, 'Koto XI Tarusan'),
(6251, 'Lengayang'),
(6252, 'Linggo Sari Baganti'),
(6253, 'Lunang'),
(6254, 'Pancung Soal'),
(6255, 'Ranah Ampek Hulu Tapan'),
(6256, 'Ranah Pesisir'),
(6257, 'Silaut'),
(6258, 'Sutera'),
(6259, 'Barangin'),
(6260, 'Lembah Segar'),
(6261, 'Silungkang'),
(6262, 'Talawi'),
(6263, 'IV Nagari'),
(6264, 'Kamang Baru'),
(6265, 'Koto VII'),
(6266, 'Kupitan'),
(6267, 'Lubuak Tarok'),
(6268, 'Sijunjung'),
(6269, 'Sumpur Kudus'),
(6270, 'Tanjung Gadang'),
(6271, 'Bukit Sundi'),
(6272, 'Danau Kembar'),
(6273, 'Gunung Talang'),
(6274, 'Hiliran Gumanti'),
(6275, 'IX Koto Sungai Lasi'),
(6276, 'Junjung Sirih'),
(6277, 'Kubung'),
(6278, 'Lembah Gumanti'),
(6279, 'Lembang Jaya'),
(6280, 'Pantai Cermin'),
(6281, 'Payung Sekaki'),
(6282, 'Tigo Lurah'),
(6283, 'X Koto Diatas'),
(6284, 'X Koto Singkarak'),
(6285, 'Lubuk Sikarah'),
(6286, 'Tanjung Harapan'),
(6287, 'Koto Parik Gadang Diateh'),
(6288, 'Pauh Duo'),
(6289, 'Sangir'),
(6290, 'Sangir Balai Janggo'),
(6291, 'Sangir Batang Hari'),
(6292, 'Sangir Jujuan'),
(6293, 'Sungai Pagu'),
(6294, 'Batipuh'),
(6295, 'Batipuh Selatan'),
(6296, 'Lima Kaum'),
(6297, 'Lintau Buo'),
(6298, 'Lintau Buo Utara'),
(6299, 'Padang Ganting'),
(6300, 'Pariangan'),
(6301, 'Rambatan'),
(6302, 'Salimpaung'),
(6303, 'Sepuluh Koto (X Koto)'),
(6304, 'Sungai Tarab'),
(6305, 'Sungayang'),
(6306, 'Tanjung Baru'),
(6307, 'Tanjung Emas'),
(6308, 'Air Kumbang'),
(6309, 'Air Salek'),
(6310, 'Banyuasin I'),
(6311, 'Banyuasin II'),
(6312, 'Banyuasin III'),
(6313, 'Betung'),
(6314, 'Makarti Jaya'),
(6315, 'Muara Padang'),
(6316, 'Muara Sugihan'),
(6317, 'Muara Telang'),
(6318, 'Pulau Rimau'),
(6319, 'Rambutan'),
(6320, 'Rantau Bayur'),
(6321, 'Sembawa'),
(6322, 'Suak Tapeh'),
(6323, 'Sumber Marga Telang'),
(6324, 'Talang Kelapa'),
(6325, 'Tanjung Lago'),
(6326, 'Tungkal Ilir'),
(6327, 'Lintang Kanan'),
(6328, 'Muara Pinang'),
(6329, 'Pasemah Air Keruh'),
(6330, 'Pendopo'),
(6331, 'Pendopo Barat'),
(6332, 'Saling'),
(6333, 'Sikap Dalam'),
(6334, 'Talang Padang'),
(6335, 'Tebing Tinggi'),
(6336, 'Ulu Musi'),
(6337, 'Gumay Talang'),
(6338, 'Gumay Ulu'),
(6339, 'Jarai'),
(6340, 'Kikim Barat'),
(6341, 'Kikim Selatan'),
(6342, 'Kikim Tengah'),
(6343, 'Kikim Timur'),
(6344, 'Kota Agung'),
(6345, 'Lahat'),
(6346, 'Merapi Barat'),
(6347, 'Merapi Selatan'),
(6348, 'Merapi Timur'),
(6349, 'Muarapayang'),
(6350, 'Mulak Ulu'),
(6351, 'Pagar Gunung'),
(6352, 'Pajar Bulan'),
(6353, 'Pseksu'),
(6354, 'Pulau Pinang'),
(6355, 'Sukamerindu'),
(6356, 'Tanjung Sakti Pumi'),
(6357, 'Tanjung Sakti Pumu'),
(6358, 'Tanjung Tebat'),
(6359, 'Lubuk Linggau Barat Dua (II)'),
(6360, 'Lubuk Linggau Barat Satu (I)'),
(6361, 'Lubuk Linggau Selatan Dua (II)'),
(6362, 'Lubuk Linggau Selatan Satu (I)'),
(6363, 'Lubuk Linggau Timur Dua (II)'),
(6364, 'Lubuk Linggau Timur Satu (I)'),
(6365, 'Lubuk Linggau Utara Dua (II)'),
(6366, 'Lubuk Linggau Utara Satu (I)'),
(6367, 'Belida Darat'),
(6368, 'Belimbing'),
(6369, 'Benakat'),
(6370, 'Gelumbang'),
(6371, 'Gunung Megang'),
(6372, 'Kelekar'),
(6373, 'Lawang Kidul'),
(6374, 'Lembak'),
(6375, 'Lubai'),
(6376, 'Lubai Ulu'),
(6377, 'Muara Belida'),
(6378, 'Muara Enim'),
(6379, 'Rambang'),
(6380, 'Rambang Dangku'),
(6381, 'Semende Darat Laut'),
(6382, 'Semende Darat Tengah'),
(6383, 'Semende Darat Ulu'),
(6384, 'Sungai Rotan'),
(6385, 'Tanjung Agung'),
(6386, 'Ujan Mas'),
(6387, 'Babat Supat'),
(6388, 'Babat Toman'),
(6389, 'Batanghari Leko'),
(6390, 'Bayung Lencir'),
(6391, 'Keluang'),
(6392, 'Lais'),
(6393, 'Lalan (Sungai Lalan)'),
(6394, 'Lawang Wetan'),
(6395, 'Plakat Tinggi (Pelakat Tinggi)'),
(6396, 'Sanga Desa'),
(6397, 'Sekayu'),
(6398, 'Sungai Keruh'),
(6399, 'Sungai Lilin'),
(6400, 'Tungkal Jaya'),
(6401, 'BTS Ulu'),
(6402, 'Jaya Loka'),
(6403, 'Megang Sakti'),
(6404, 'Muara Beliti'),
(6405, 'Muara Kelingi'),
(6406, 'Muara Lakitan'),
(6407, 'Purwodadi'),
(6408, 'Selangit'),
(6409, 'Sukakarya'),
(6410, 'Suku Tengah Lakitan Ulu Terawas'),
(6411, 'Sumber Harta'),
(6412, 'Tiang Pumpung Kepungut'),
(6413, 'Tuah Negeri'),
(6414, 'Tugumulyo'),
(6415, 'Karang Dapo'),
(6416, 'Karang Jaya'),
(6417, 'Nibung'),
(6418, 'Rawas Ilir'),
(6419, 'Rawas Ulu'),
(6420, 'Rupit'),
(6421, 'Ulu Rawas'),
(6422, 'Indralaya'),
(6423, 'Indralaya Selatan'),
(6424, 'Indralaya Utara'),
(6425, 'Kandis'),
(6426, 'Lubuk Keliat'),
(6427, 'Muara Kuang'),
(6428, 'Payaraman'),
(6429, 'Pemulutan'),
(6430, 'Pemulutan Barat'),
(6431, 'Pemulutan Selatan'),
(6432, 'Rambang Kuang'),
(6433, 'Rantau Alai'),
(6434, 'Rantau Panjang'),
(6435, 'Sungai Pinang'),
(6436, 'Tanjung Batu'),
(6437, 'Tanjung Raja'),
(6438, 'Air Sugihan'),
(6439, 'Cengal'),
(6440, 'Jejawi'),
(6441, 'Kayu Agung'),
(6442, 'Lempuing'),
(6443, 'Lempuing Jaya'),
(6444, 'Mesuji'),
(6445, 'Mesuji Makmur'),
(6446, 'Mesuji Raya'),
(6447, 'Pampangan'),
(6448, 'Pangkalan Lampam'),
(6449, 'Pedamaran'),
(6450, 'Pedamaran Timur'),
(6451, 'Sirah Pulau Padang'),
(6452, 'Sungai Menang'),
(6453, 'Tanjung Lubuk'),
(6454, 'Teluk Gelam'),
(6455, 'Tulung Selapan'),
(6456, 'Baturaja Barat'),
(6457, 'Baturaja Timur'),
(6458, 'Lengkiti'),
(6459, 'Lubuk Batang'),
(6460, 'Lubuk Raja'),
(6461, 'Muara Jaya'),
(6462, 'Pengandonan'),
(6463, 'Peninjauan'),
(6464, 'Semidang Aji'),
(6465, 'Sinar Peninjauan'),
(6466, 'Sosoh Buay Rayap'),
(6467, 'Ulu Ogan'),
(6468, 'Banding Agung'),
(6469, 'Buana Pemaca'),
(6470, 'Buay Pemaca'),
(6471, 'Buay Pematang Ribu Ranau Tengah'),
(6472, 'Buay Rawan'),
(6473, 'Buay Runjung'),
(6474, 'Buay Sandang Aji'),
(6475, 'Kisam Ilir'),
(6476, 'Kisam Tinggi'),
(6477, 'Mekakau Ilir'),
(6478, 'Muaradua'),
(6479, 'Muaradua Kisam'),
(6480, 'Pulau Beringin'),
(6481, 'Runjung Agung'),
(6482, 'Simpang'),
(6483, 'Sindang Danau'),
(6484, 'Sungai Are'),
(6485, 'Tiga Dihaji'),
(6486, 'Warkuk Ranau Selatan'),
(6487, 'Belitang'),
(6488, 'Belitang II'),
(6489, 'Belitang III'),
(6490, 'Belitang Jaya'),
(6491, 'Belitang Madang Raya'),
(6492, 'Belitang Mulya'),
(6493, 'Buay Madang'),
(6494, 'Buay Madang Timur'),
(6495, 'Buay Pemuka Bangsa Raja'),
(6496, 'Buay Pemuka Peliung'),
(6497, 'Bunga Mayang'),
(6498, 'Cempaka'),
(6499, 'Jayapura'),
(6500, 'Madang Suku I'),
(6501, 'Madang Suku II'),
(6502, 'Madang Suku III'),
(6503, 'Martapura'),
(6504, 'Semendawai Barat'),
(6505, 'Semendawai Suku III'),
(6506, 'Semendawai Timur'),
(6507, 'Dempo Selatan'),
(6508, 'Dempo Tengah'),
(6509, 'Dempo Utara'),
(6510, 'Pagar Alam Selatan'),
(6511, 'Pagar Alam Utara'),
(6512, 'Alang-Alang Lebar'),
(6513, 'Bukit Kecil'),
(6514, 'Gandus'),
(6515, 'Ilir Barat I'),
(6516, 'Ilir Barat II'),
(6517, 'Ilir Timur I'),
(6518, 'Ilir Timur II'),
(6519, 'Kalidoni'),
(6520, 'Kemuning'),
(6521, 'Kertapati'),
(6522, 'Plaju'),
(6523, 'Sako'),
(6524, 'Seberang Ulu I'),
(6525, 'Seberang Ulu II'),
(6526, 'Sematang Borang'),
(6527, 'Sukarami'),
(6528, 'Abab'),
(6529, 'Penukal'),
(6530, 'Penukal Utara'),
(6531, 'Talang Ubi'),
(6532, 'Tanah Abang'),
(6533, 'Cambai'),
(6534, 'Prabumulih Barat'),
(6535, 'Prabumulih Selatan'),
(6536, 'Prabumulih Timur'),
(6537, 'Prabumulih Utara'),
(6538, 'Rambang Kapak Tengah'),
(6539, 'Aek Kuasan'),
(6540, 'Aek Ledong'),
(6541, 'Aek Songsongan'),
(6542, 'Air Batu'),
(6543, 'Air Joman'),
(6544, 'Bandar Pasir Mandoge'),
(6545, 'Bandar Pulau'),
(6546, 'Buntu Pane'),
(6547, 'Kota Kisaran Barat'),
(6548, 'Kota Kisaran Timur'),
(6549, 'Meranti'),
(6550, 'Pulau Rakyat'),
(6551, 'Pulo Bandring'),
(6552, 'Rahuning'),
(6553, 'Rawang Panca Arga'),
(6554, 'Sei Dadap'),
(6555, 'Sei Kepayang'),
(6556, 'Sei Kepayang Barat'),
(6557, 'Sei Kepayang Timur'),
(6558, 'Setia Janji'),
(6559, 'Silau Laut'),
(6560, 'Simpang Empat'),
(6561, 'Tanjung Balai'),
(6562, 'Teluk Dalam'),
(6563, 'Tinggi Raja'),
(6564, 'Air Putih'),
(6565, 'Limapuluh'),
(6566, 'Medang Deras'),
(6567, 'Sei Balai'),
(6568, 'Sei Suka'),
(6569, 'Talawi'),
(6570, 'Tanjung Tiram'),
(6571, 'Binjai Barat'),
(6572, 'Binjai Kota'),
(6573, 'Binjai Selatan'),
(6574, 'Binjai Timur'),
(6575, 'Binjai Utara'),
(6576, 'Berampu (Brampu)'),
(6577, 'Gunung Sitember'),
(6578, 'Lae Parira'),
(6579, 'Parbuluan'),
(6580, 'Pegagan Hilir'),
(6581, 'Sidikalang'),
(6582, 'Siempat Nempu'),
(6583, 'Siempat Nempu Hilir'),
(6584, 'Siempat Nempu Hulu'),
(6585, 'Silahi Sabungan'),
(6586, 'Silima Pungga-Pungga'),
(6587, 'Sitinjo'),
(6588, 'Sumbul'),
(6589, 'Tanah Pinem'),
(6590, 'Tiga Lingga'),
(6591, 'Bangun Purba'),
(6592, 'Batang Kuis'),
(6593, 'Beringin'),
(6594, 'Biru-Biru'),
(6595, 'Deli Tua'),
(6596, 'Galang'),
(6597, 'Gunung Meriah'),
(6598, 'Hamparan Perak'),
(6599, 'Kutalimbaru'),
(6600, 'Labuhan Deli'),
(6601, 'Lubuk Pakam'),
(6602, 'Namo Rambe'),
(6603, 'Pagar Merbau'),
(6604, 'Pancur Batu'),
(6605, 'Pantai Labu'),
(6606, 'Patumbak'),
(6607, 'Percut Sei Tuan'),
(6608, 'Sibolangit'),
(6609, 'Sinembah Tanjung Muda Hilir'),
(6610, 'Sinembah Tanjung Muda Hulu'),
(6611, 'Sunggal'),
(6612, 'Tanjung Morawa'),
(6613, 'Gunungsitoli'),
(6614, 'Gunungsitoli Alo&#039;oa'),
(6615, 'Gunungsitoli Barat'),
(6616, 'Gunungsitoli Idanoi'),
(6617, 'Gunungsitoli Selatan'),
(6618, 'Gunungsitoli Utara'),
(6619, 'Bakti Raja'),
(6620, 'Dolok Sanggul'),
(6621, 'Lintong Nihuta'),
(6622, 'Onan Ganjang'),
(6623, 'Pakkat'),
(6624, 'Paranginan'),
(6625, 'Parlilitan'),
(6626, 'Pollung'),
(6627, 'Sijama Polang'),
(6628, 'Tara Bintang'),
(6629, 'Barus Jahe'),
(6630, 'Brastagi (Berastagi)'),
(6631, 'Dolat Rayat'),
(6632, 'Juhar'),
(6633, 'Kabanjahe'),
(6634, 'Kuta Buluh'),
(6635, 'Laubaleng'),
(6636, 'Mardinding'),
(6637, 'Merdeka'),
(6638, 'Merek'),
(6639, 'Munte'),
(6640, 'Nama Teran'),
(6641, 'Payung'),
(6642, 'Simpang Empat'),
(6643, 'Tiga Binanga'),
(6644, 'Tiga Panah'),
(6645, 'Tiganderket'),
(6646, 'Bilah Barat'),
(6647, 'Bilah Hilir'),
(6648, 'Bilah Hulu'),
(6649, 'Panai Hilir'),
(6650, 'Panai Hulu'),
(6651, 'Panai Tengah'),
(6652, 'Pangkatan'),
(6653, 'Rantau Selatan'),
(6654, 'Rantau Utara'),
(6655, 'Kampung Rakyat'),
(6656, 'Kota Pinang'),
(6657, 'Sei/Sungai Kanan'),
(6658, 'Silangkitang'),
(6659, 'Torgamba'),
(6660, 'Aek Kuo'),
(6661, 'Aek Natas'),
(6662, 'Kualuh Hilir'),
(6663, 'Kualuh Hulu'),
(6664, 'Kualuh Leidong'),
(6665, 'Kualuh Selatan'),
(6666, 'Marbau'),
(6667, 'Na IX-X'),
(6668, 'Babalan'),
(6669, 'Bahorok'),
(6670, 'Batang Serangan'),
(6671, 'Besitang'),
(6672, 'Binjai'),
(6673, 'Brandan Barat'),
(6674, 'Gebang'),
(6675, 'Hinai'),
(6676, 'Kuala'),
(6677, 'Kutambaru'),
(6678, 'Padang Tualang'),
(6679, 'Pangkalan Susu'),
(6680, 'Pematang Jaya'),
(6681, 'Salapian'),
(6682, 'Sawit Seberang'),
(6683, 'Secanggang'),
(6684, 'Sei Binge (Bingai)'),
(6685, 'Sei Lepan'),
(6686, 'Selesai'),
(6687, 'Sirapit (Serapit)'),
(6688, 'Stabat'),
(6689, 'Tanjungpura'),
(6690, 'Wampu'),
(6691, 'Batahan'),
(6692, 'Batang Natal'),
(6693, 'Bukit Malintang'),
(6694, 'Huta Bargot'),
(6695, 'Kotanopan'),
(6696, 'Lembah Sorik Marapi'),
(6697, 'Lingga Bayu'),
(6698, 'Muara Batang Gadis'),
(6699, 'Muara Sipongi'),
(6700, 'Naga Juang'),
(6701, 'Natal'),
(6702, 'Pakantan'),
(6703, 'Panyabungan'),
(6704, 'Panyabungan Barat'),
(6705, 'Panyabungan Selatan'),
(6706, 'Panyabungan Timur'),
(6707, 'Panyabungan Utara'),
(6708, 'Puncak Sorik Marapi'),
(6709, 'Ranto Baek'),
(6710, 'Siabu'),
(6711, 'Sinunukan'),
(6712, 'Tambangan'),
(6713, 'Ulu Pungkut'),
(6714, 'Medan Amplas'),
(6715, 'Medan Area'),
(6716, 'Medan Barat'),
(6717, 'Medan Baru'),
(6718, 'Medan Belawan Kota'),
(6719, 'Medan Deli'),
(6720, 'Medan Denai'),
(6721, 'Medan Helvetia'),
(6722, 'Medan Johor'),
(6723, 'Medan Kota'),
(6724, 'Medan Labuhan'),
(6725, 'Medan Maimun'),
(6726, 'Medan Marelan'),
(6727, 'Medan Perjuangan'),
(6728, 'Medan Petisah'),
(6729, 'Medan Polonia'),
(6730, 'Medan Selayang'),
(6731, 'Medan Sunggal'),
(6732, 'Medan Tembung'),
(6733, 'Medan Timur'),
(6734, 'Medan Tuntungan'),
(6735, 'Bawolato'),
(6736, 'Botomuzoi'),
(6737, 'Gido'),
(6738, 'Hili Serangkai (Hilisaranggu)'),
(6739, 'Hiliduho'),
(6740, 'Idano Gawo'),
(6741, 'Ma&#039;u'),
(6742, 'Sogae Adu (Sogaeadu)'),
(6743, 'Somolo-Molo (Samolo)'),
(6744, 'Ulugawo'),
(6745, 'Lahomi (Gahori)'),
(6746, 'Lolofitu Moi'),
(6747, 'Mandrehe'),
(6748, 'Mandrehe Barat'),
(6749, 'Mandrehe Utara'),
(6750, 'Moro&#039;o'),
(6751, 'Sirombu'),
(6752, 'Ulu Moro&#039;o (Ulu Narwo)'),
(6753, 'Amandraya'),
(6754, 'Aramo'),
(6755, 'Boronadu'),
(6756, 'Fanayama'),
(6757, 'Gomo'),
(6758, 'Hibala'),
(6759, 'Hilimegai'),
(6760, 'Hilisalawa&#039;ahe (Hilisalawaahe)'),
(6761, 'Huruna'),
(6762, 'Lahusa'),
(6763, 'Lolomatua'),
(6764, 'Lolowau'),
(6765, 'Maniamolo'),
(6766, 'Mazino'),
(6767, 'Mazo'),
(6768, 'O&#039;o&#039;u (Oou)'),
(6769, 'Onohazumba'),
(6770, 'Pulau-Pulau Batu'),
(6771, 'Pulau-Pulau Batu Barat'),
(6772, 'Pulau-Pulau Batu Timur'),
(6773, 'Pulau-Pulau Batu Utara'),
(6774, 'Sidua&#039;ori'),
(6775, 'Simuk'),
(6776, 'Somambawa'),
(6777, 'Susua'),
(6778, 'Tanah Masa'),
(6779, 'Teluk Dalam'),
(6780, 'Toma'),
(6781, 'Ulunoyo'),
(6782, 'Ulususua'),
(6783, 'Umbunasi'),
(6784, 'Afulu'),
(6785, 'Alasa'),
(6786, 'Alasa Talumuzoi'),
(6787, 'Lahewa'),
(6788, 'Lahewa Timur'),
(6789, 'Lotu'),
(6790, 'Namohalu Esiwa'),
(6791, 'Sawo'),
(6792, 'Sitolu Ori'),
(6793, 'Tugala Oyo'),
(6794, 'Tuhemberua'),
(6795, 'Aek Nabara Barumun'),
(6796, 'Barumun'),
(6797, 'Barumun Selatan'),
(6798, 'Barumun Tengah'),
(6799, 'Batang Lubu Sutam'),
(6800, 'Huristak'),
(6801, 'Huta Raja Tinggi'),
(6802, 'Lubuk Barumun'),
(6803, 'Sihapas Barumun'),
(6804, 'Sosa'),
(6805, 'Sosopan'),
(6806, 'Ulu Barumun'),
(6807, 'Batang Onang'),
(6808, 'Dolok'),
(6809, 'Dolok Sigompulon'),
(6810, 'Halongonan'),
(6811, 'Hulu Sihapas'),
(6812, 'Padang Bolak'),
(6813, 'Padang Bolak Julu'),
(6814, 'Portibi'),
(6815, 'Simangambat'),
(6816, 'Padang Sidempuan Angkola Julu'),
(6817, 'Padang Sidempuan Batunadua'),
(6818, 'Padang Sidempuan Hutaimbaru'),
(6819, 'Padang Sidempuan Selatan'),
(6820, 'Padang Sidempuan Tenggara'),
(6821, 'Padang Sidempuan Utara (Padangsidimpuan)'),
(6822, 'Kerajaan'),
(6823, 'Pagindar'),
(6824, 'Pergetteng Getteng Sengkut'),
(6825, 'Salak'),
(6826, 'Siempat Rube'),
(6827, 'Sitellu Tali Urang Jehe'),
(6828, 'Sitellu Tali Urang Julu'),
(6829, 'Tinada'),
(6830, 'Siantar Barat'),
(6831, 'Siantar Marihat'),
(6832, 'Siantar Marimbun'),
(6833, 'Siantar Martoba'),
(6834, 'Siantar Selatan'),
(6835, 'Siantar Sitalasari'),
(6836, 'Siantar Timur'),
(6837, 'Siantar Utara'),
(6838, 'Harian'),
(6839, 'Nainggolan'),
(6840, 'Onan Runggu'),
(6841, 'Palipi'),
(6842, 'Pangururan'),
(6843, 'Ronggur Nihuta'),
(6844, 'Sianjur Mula Mula'),
(6845, 'Simanindo'),
(6846, 'Sitio-tio'),
(6847, 'Bandar Khalifah'),
(6848, 'Bintang Bayu'),
(6849, 'Dolok Masihul'),
(6850, 'Dolok Merawan'),
(6851, 'Kotarih'),
(6852, 'Pantai Cermin'),
(6853, 'Pegajahan'),
(6854, 'Perbaungan'),
(6855, 'Sei Bamban'),
(6856, 'Sei Rampah'),
(6857, 'Serba Jadi'),
(6858, 'Silinda'),
(6859, 'Sipispis'),
(6860, 'Tanjung Beringin'),
(6861, 'Tebing Syahbandar'),
(6862, 'Tebing Tinggi'),
(6863, 'Teluk Mengkudu'),
(6864, 'Sibolga Kota'),
(6865, 'Sibolga Sambas'),
(6866, 'Sibolga Selatan'),
(6867, 'Sibolga Utara'),
(6868, 'Bandar'),
(6869, 'Bandar Huluan'),
(6870, 'Bandar Masilam'),
(6871, 'Bosar Maligas'),
(6872, 'Dolok Batu Nanggar'),
(6873, 'Dolok Panribuan'),
(6874, 'Dolok Pardamean'),
(6875, 'Dolok Silau'),
(6876, 'Girsang Sipangan Bolon'),
(6877, 'Gunung Malela'),
(6878, 'Gunung Maligas'),
(6879, 'Haranggaol Horison'),
(6880, 'Hatonduhan'),
(6881, 'Huta Bayu Raja'),
(6882, 'Jawa Maraja Bah Jambi'),
(6883, 'Jorlang Hataran'),
(6884, 'Panei'),
(6885, 'Panombeian Panei'),
(6886, 'Pematang Bandar'),
(6887, 'Pematang Sidamanik'),
(6888, 'Pematang Silima Huta'),
(6889, 'Purba'),
(6890, 'Raya'),
(6891, 'Raya Kahean'),
(6892, 'Siantar'),
(6893, 'Sidamanik'),
(6894, 'Silimakuta'),
(6895, 'Silou Kahean'),
(6896, 'Tanah Jawa'),
(6897, 'Tapian Dolok'),
(6898, 'Ujung Padang'),
(6899, 'Datuk Bandar'),
(6900, 'Datuk Bandar Timur'),
(6901, 'Sei Tualang Raso'),
(6902, 'Tanjung Balai Selatan'),
(6903, 'Tanjung Balai Utara'),
(6904, 'Teluk Nibung'),
(6905, 'Aek Bilah'),
(6906, 'Angkola Barat'),
(6907, 'Angkola Sangkunur'),
(6908, 'Angkola Selatan'),
(6909, 'Angkola Timur'),
(6910, 'Arse'),
(6911, 'Batang Angkola'),
(6912, 'Batang Toru'),
(6913, 'Marancar'),
(6914, 'Muara Batang Toru'),
(6915, 'Saipar Dolok Hole'),
(6916, 'Sayur Matinggi'),
(6917, 'Sipirok'),
(6918, 'Tano Tombangan Angkola'),
(6919, 'Andam Dewi'),
(6920, 'Badiri'),
(6921, 'Barus'),
(6922, 'Barus Utara'),
(6923, 'Kolang'),
(6924, 'Lumut'),
(6925, 'Manduamas'),
(6926, 'Pandan'),
(6927, 'Pasaribu Tobing'),
(6928, 'Pinangsori'),
(6929, 'Sarudik'),
(6930, 'Sibabangun'),
(6931, 'Sirandorung'),
(6932, 'Sitahuis'),
(6933, 'Sorkam'),
(6934, 'Sorkam Barat'),
(6935, 'Sosor Gadong'),
(6936, 'Suka Bangun'),
(6937, 'Tapian Nauli'),
(6938, 'Tukka'),
(6939, 'Adian Koting'),
(6940, 'Garoga'),
(6941, 'Muara'),
(6942, 'Pagaran'),
(6943, 'Pahae Jae'),
(6944, 'Pahae Julu'),
(6945, 'Pangaribuan'),
(6946, 'Parmonangan'),
(6947, 'Purbatua'),
(6948, 'Siatas Barita'),
(6949, 'Siborong-Borong'),
(6950, 'Simangumban'),
(6951, 'Sipahutar'),
(6952, 'Sipoholon'),
(6953, 'Tarutung'),
(6954, 'Bajenis'),
(6955, 'Padang Hilir'),
(6956, 'Padang Hulu'),
(6957, 'Rambutan'),
(6958, 'Tebing Tinggi Kota'),
(6959, 'Ajibata'),
(6960, 'Balige'),
(6961, 'Bonatua Lunasi'),
(6962, 'Bor-Bor'),
(6963, 'Habinsaran'),
(6964, 'Laguboti'),
(6965, 'Lumban Julu'),
(6966, 'Nassau'),
(6967, 'Parmaksian'),
(6968, 'Pintu Pohan Meranti'),
(6969, 'Porsea'),
(6970, 'Siantar Narumonda'),
(6971, 'Sigumpar'),
(6972, 'Silaen'),
(6973, 'Tampahan'),
(6974, 'Uluan');

-- --------------------------------------------------------

--
-- Table structure for table `l_negara`
--

CREATE TABLE `l_negara` (
  `id` int(11) NOT NULL,
  `negara` varchar(255) NOT NULL,
  `kode1` varchar(10) NOT NULL,
  `kode2` varchar(10) NOT NULL,
  `bendera` varchar(20) NOT NULL
) ENGINE=InnoDB DEFAULT CHARSET=utf8mb4;

--
-- Dumping data for table `l_negara`
--

INSERT INTO `l_negara` (`id`, `negara`, `kode1`, `kode2`, `bendera`) VALUES
(1, 'Aruba', 'ABW', 'AW', 'AW.png'),
(2, 'Afghanistan', 'AFG', 'AF', 'AF.png'),
(3, 'Angola', 'AGO', 'AO', 'AO.png'),
(4, 'Anguilla', 'AIA', 'AI', 'AI.png'),
(5, 'land', 'ALA', 'AX', 'AX.png'),
(6, 'Albania', 'ALB', 'AL', 'AL.png'),
(7, 'Andorra', 'AND', 'AD', 'AD.png'),
(8, 'United Arab Emirates', 'ARE', 'AE', 'AE.png'),
(9, 'Argentina', 'ARG', 'AR', 'AR.png'),
(10, 'Armenia', 'ARM', 'AM', 'AM.png'),
(11, 'American Samoa', 'ASM', 'AS', 'AS.png'),
(12, 'Antarctica', 'ATA', 'AQ', 'AQ.png'),
(13, 'French Southern Territories', 'ATF', 'TF', 'TF.png'),
(14, 'Antigua and Barbuda', 'ATG', 'AG', 'AG.png'),
(15, 'Australia', 'AUS', 'AU', 'AU.png'),
(16, 'Austria', 'AUT', 'AT', 'AT.png'),
(17, 'Azerbaijan', 'AZE', 'AZ', 'AZ.png'),
(18, 'Burundi', 'BDI', 'BI', 'BI.png'),
(19, 'Belgium', 'BEL', 'BE', 'BE.png'),
(20, 'Benin', 'BEN', 'BJ', 'BJ.png'),
(21, 'Bonaire', 'BES', 'BQ', 'BQ.png'),
(22, 'Burkina Faso', 'BFA', 'BF', 'BF.png'),
(23, 'Bangladesh', 'BGD', 'BD', 'BD.png'),
(24, 'Bulgaria', 'BGR', 'BG', 'BG.png'),
(25, 'Bahrain', 'BHR', 'BH', 'BH.png'),
(26, 'Bahamas', 'BHS', 'BS', 'BS.png'),
(27, 'Bosnia and Herzegovina', 'BIH', 'BA', 'BA.png'),
(28, 'Saint Barthlemy', 'BLM', 'BL', 'BL.png'),
(29, 'Belarus', 'BLR', 'BY', 'BY.png'),
(30, 'Belize', 'BLZ', 'BZ', 'BZ.png'),
(31, 'Bermuda', 'BMU', 'BM', 'BM.png'),
(32, 'Bolivia', 'BOL', 'BO', 'BO.png'),
(33, 'Brazil', 'BRA', 'BR', 'BR.png'),
(34, 'Barbados', 'BRB', 'BB', 'BB.png'),
(35, 'Brunei', 'BRN', 'BN', 'BN.png'),
(36, 'Bhutan', 'BTN', 'BT', 'BT.png'),
(37, 'Bouvet Island', 'BVT', 'BV', 'BV.png'),
(38, 'Botswana', 'BWA', 'BW', 'BW.png'),
(39, 'Central African Republic', 'CAF', 'CF', 'CF.png'),
(40, 'Canada', 'CAN', 'CA', 'CA.png'),
(41, 'Cocos [Keeling] Islands', 'CCK', 'CC', 'CC.png'),
(42, 'Switzerland', 'CHE', 'CH', 'CH.png'),
(43, 'Chile', 'CHL', 'CL', 'CL.png'),
(44, 'China', 'CHN', 'CN', 'CN.png'),
(45, 'Ivory Coast', 'CIV', 'CI', 'CI.png'),
(46, 'Cameroon', 'CMR', 'CM', 'CM.png'),
(47, 'Democratic Republic of the Congo', 'COD', 'CD', 'CD.png'),
(48, 'Republic of the Congo', 'COG', 'CG', 'CG.png'),
(49, 'Cook Islands', 'COK', 'CK', 'CK.png'),
(50, 'Colombia', 'COL', 'CO', 'CO.png'),
(51, 'Comoros', 'COM', 'KM', 'KM.png'),
(52, 'Cape Verde', 'CPV', 'CV', 'CV.png'),
(53, 'Costa Rica', 'CRI', 'CR', 'CR.png'),
(54, 'Cuba', 'CUB', 'CU', 'CU.png'),
(55, 'Curacao', 'CUW', 'CW', 'CW.png'),
(56, 'Christmas Island', 'CXR', 'CX', 'CX.png'),
(57, 'Cayman Islands', 'CYM', 'KY', 'KY.png'),
(58, 'Cyprus', 'CYP', 'CY', 'CY.png'),
(59, 'Czech Republic', 'CZE', 'CZ', 'CZ.png'),
(60, 'Germany', 'DEU', 'DE', 'DE.png'),
(61, 'Djibouti', 'DJI', 'DJ', 'DJ.png'),
(62, 'Dominica', 'DMA', 'DM', 'DM.png'),
(63, 'Denmark', 'DNK', 'DK', 'DK.png'),
(64, 'Dominican Republic', 'DOM', 'DO', 'DO.png'),
(65, 'Algeria', 'DZA', 'DZ', 'DZ.png'),
(66, 'Ecuador', 'ECU', 'EC', 'EC.png'),
(67, 'Egypt', 'EGY', 'EG', 'EG.png'),
(68, 'Eritrea', 'ERI', 'ER', 'ER.png'),
(69, 'Western Sahara', 'ESH', 'EH', 'EH.png'),
(70, 'Spain', 'ESP', 'ES', 'ES.png'),
(71, 'Estonia', 'EST', 'EE', 'EE.png'),
(72, 'Ethiopia', 'ETH', 'ET', 'ET.png'),
(73, 'Finland', 'FIN', 'FI', 'FI.png'),
(74, 'Fiji', 'FJI', 'FJ', 'FJ.png'),
(75, 'Falkland Islands', 'FLK', 'FK', 'FK.png'),
(76, 'France', 'FRA', 'FR', 'FR.png'),
(77, 'Faroe Islands', 'FRO', 'FO', 'FO.png'),
(78, 'Micronesia', 'FSM', 'FM', 'FM.png'),
(79, 'Gabon', 'GAB', 'GA', 'GA.png'),
(80, 'United Kingdom', 'GBR', 'GB', 'GB.png'),
(81, 'Georgia', 'GEO', 'GE', 'GE.png'),
(82, 'Guernsey', 'GGY', 'GG', 'GG.png'),
(83, 'Ghana', 'GHA', 'GH', 'GH.png'),
(84, 'Gibraltar', 'GIB', 'GI', 'GI.png'),
(85, 'Guinea', 'GIN', 'GN', 'GN.png'),
(86, 'Guadeloupe', 'GLP', 'GP', 'GP.png'),
(87, 'Gambia', 'GMB', 'GM', 'GM.png'),
(88, 'Guinea-Bissau', 'GNB', 'GW', 'GW.png'),
(89, 'Equatorial Guinea', 'GNQ', 'GQ', 'GQ.png'),
(90, 'Greece', 'GRC', 'GR', 'GR.png'),
(91, 'Grenada', 'GRD', 'GD', 'GD.png'),
(92, 'Greenland', 'GRL', 'GL', 'GL.png'),
(93, 'Guatemala', 'GTM', 'GT', 'GT.png'),
(94, 'French Guiana', 'GUF', 'GF', 'GF.png'),
(95, 'Guam', 'GUM', 'GU', 'GU.png'),
(96, 'Guyana', 'GUY', 'GY', 'GY.png'),
(97, 'Hong Kong', 'HKG', 'HK', 'HK.png'),
(98, 'Heard Island and McDonald Islands', 'HMD', 'HM', 'HM.png'),
(99, 'Honduras', 'HND', 'HN', 'HN.png'),
(100, 'Croatia', 'HRV', 'HR', 'HR.png'),
(101, 'Haiti', 'HTI', 'HT', 'HT.png'),
(102, 'Hungary', 'HUN', 'HU', 'HU.png'),
(103, 'Indonesia', 'IDN', 'ID', 'ID.png'),
(104, 'Isle of Man', 'IMN', 'IM', 'IM.png'),
(105, 'India', 'IND', 'IN', 'IN.png'),
(106, 'British Indian Ocean Territory', 'IOT', 'IO', 'IO.png'),
(107, 'Ireland', 'IRL', 'IE', 'IE.png'),
(108, 'Iran', 'IRN', 'IR', 'IR.png'),
(109, 'Iraq', 'IRQ', 'IQ', 'IQ.png'),
(110, 'Iceland', 'ISL', 'IS', 'IS.png'),
(111, 'Israel', 'ISR', 'IL', 'IL.png'),
(112, 'Italy', 'ITA', 'IT', 'IT.png'),
(113, 'Jamaica', 'JAM', 'JM', 'JM.png'),
(114, 'Jersey', 'JEY', 'JE', 'JE.png'),
(115, 'Jordan', 'JOR', 'JO', 'JO.png'),
(116, 'Japan', 'JPN', 'JP', 'JP.png'),
(117, 'Kazakhstan', 'KAZ', 'KZ', 'KZ.png'),
(118, 'Kenya', 'KEN', 'KE', 'KE.png'),
(119, 'Kyrgyzstan', 'KGZ', 'KG', 'KG.png'),
(120, 'Cambodia', 'KHM', 'KH', 'KH.png'),
(121, 'Kiribati', 'KIR', 'KI', 'KI.png'),
(122, 'Saint Kitts and Nevis', 'KNA', 'KN', 'KN.png'),
(123, 'South Korea', 'KOR', 'KR', 'KR.png'),
(124, 'Kuwait', 'KWT', 'KW', 'KW.png'),
(125, 'Laos', 'LAO', 'LA', 'LA.png'),
(126, 'Lebanon', 'LBN', 'LB', 'LB.png'),
(127, 'Liberia', 'LBR', 'LR', 'LR.png'),
(128, 'Libya', 'LBY', 'LY', 'LY.png'),
(129, 'Saint Lucia', 'LCA', 'LC', 'LC.png'),
(130, 'Liechtenstein', 'LIE', 'LI', 'LI.png'),
(131, 'Sri Lanka', 'LKA', 'LK', 'LK.png'),
(132, 'Lesotho', 'LSO', 'LS', 'LS.png'),
(133, 'Lithuania', 'LTU', 'LT', 'LT.png'),
(134, 'Luxembourg', 'LUX', 'LU', 'LU.png'),
(135, 'Latvia', 'LVA', 'LV', 'LV.png'),
(136, 'Macao', 'MAC', 'MO', 'MO.png'),
(137, 'Saint Martin', 'MAF', 'MF', 'MF.png'),
(138, 'Morocco', 'MAR', 'MA', 'MA.png'),
(139, 'Monaco', 'MCO', 'MC', 'MC.png'),
(140, 'Moldova', 'MDA', 'MD', 'MD.png'),
(141, 'Madagascar', 'MDG', 'MG', 'MG.png'),
(142, 'Maldives', 'MDV', 'MV', 'MV.png'),
(143, 'Mexico', 'MEX', 'MX', 'MX.png'),
(144, 'Marshall Islands', 'MHL', 'MH', 'MH.png'),
(145, 'Macedonia', 'MKD', 'MK', 'MK.png'),
(146, 'Mali', 'MLI', 'ML', 'ML.png'),
(147, 'Malta', 'MLT', 'MT', 'MT.png'),
(148, 'Myanmar [Burma]', 'MMR', 'MM', 'MM.png'),
(149, 'Montenegro', 'MNE', 'ME', 'ME.png'),
(150, 'Mongolia', 'MNG', 'MN', 'MN.png'),
(151, 'Northern Mariana Islands', 'MNP', 'MP', 'MP.png'),
(152, 'Mozambique', 'MOZ', 'MZ', 'MZ.png'),
(153, 'Mauritania', 'MRT', 'MR', 'MR.png'),
(154, 'Montserrat', 'MSR', 'MS', 'MS.png'),
(155, 'Martinique', 'MTQ', 'MQ', 'MQ.png'),
(156, 'Mauritius', 'MUS', 'MU', 'MU.png'),
(157, 'Malawi', 'MWI', 'MW', 'MW.png'),
(158, 'Malaysia', 'MYS', 'MY', 'MY.png'),
(159, 'Mayotte', 'MYT', 'YT', 'YT.png'),
(160, 'Namibia', 'NAM', 'NA', 'NA.png'),
(161, 'New Caledonia', 'NCL', 'NC', 'NC.png'),
(162, 'Niger', 'NER', 'NE', 'NE.png'),
(163, 'Norfolk Island', 'NFK', 'NF', 'NF.png'),
(164, 'Nigeria', 'NGA', 'NG', 'NG.png'),
(165, 'Nicaragua', 'NIC', 'NI', 'NI.png'),
(166, 'Niue', 'NIU', 'NU', 'NU.png'),
(167, 'Netherlands', 'NLD', 'NL', 'NL.png'),
(168, 'Norway', 'NOR', 'NO', 'NO.png'),
(169, 'Nepal', 'NPL', 'NP', 'NP.png'),
(170, 'Nauru', 'NRU', 'NR', 'NR.png'),
(171, 'New Zealand', 'NZL', 'NZ', 'NZ.png'),
(172, 'Oman', 'OMN', 'OM', 'OM.png'),
(173, 'Pakistan', 'PAK', 'PK', 'PK.png'),
(174, 'Panama', 'PAN', 'PA', 'PA.png'),
(175, 'Pitcairn Islands', 'PCN', 'PN', 'PN.png'),
(176, 'Peru', 'PER', 'PE', 'PE.png'),
(177, 'Philippines', 'PHL', 'PH', 'PH.png'),
(178, 'Palau', 'PLW', 'PW', 'PW.png'),
(179, 'Papua New Guinea', 'PNG', 'PG', 'PG.png'),
(180, 'Poland', 'POL', 'PL', 'PL.png'),
(181, 'Puerto Rico', 'PRI', 'PR', 'PR.png'),
(182, 'North Korea', 'PRK', 'KP', 'KP.png'),
(183, 'Portugal', 'PRT', 'PT', 'PT.png'),
(184, 'Paraguay', 'PRY', 'PY', 'PY.png'),
(185, 'Palestine', 'PSE', 'PS', 'PS.png'),
(186, 'French Polynesia', 'PYF', 'PF', 'PF.png'),
(187, 'Qatar', 'QAT', 'QA', 'QA.png'),
(188, 'Runion', 'REU', 'RE', 'RE.png'),
(189, 'Romania', 'ROU', 'RO', 'RO.png'),
(190, 'Russia', 'RUS', 'RU', 'RU.png'),
(191, 'Rwanda', 'RWA', 'RW', 'RW.png'),
(192, 'Saudi Arabia', 'SAU', 'SA', 'SA.png'),
(193, 'Sudan', 'SDN', 'SD', 'SD.png'),
(194, 'Senegal', 'SEN', 'SN', 'SN.png'),
(195, 'Singapore', 'SGP', 'SG', 'SG.png'),
(196, 'South Georgia and the South Sandwich Islands', 'SGS', 'GS', 'GS.png'),
(197, 'Saint Helena', 'SHN', 'SH', 'SH.png'),
(198, 'Svalbard and Jan Mayen', 'SJM', 'SJ', 'SJ.png'),
(199, 'Solomon Islands', 'SLB', 'SB', 'SB.png'),
(200, 'Sierra Leone', 'SLE', 'SL', 'SL.png'),
(201, 'El Salvador', 'SLV', 'SV', 'SV.png'),
(202, 'San Marino', 'SMR', 'SM', 'SM.png'),
(203, 'Somalia', 'SOM', 'SO', 'SO.png'),
(204, 'Saint Pierre and Miquelon', 'SPM', 'PM', 'PM.png'),
(205, 'Serbia', 'SRB', 'RS', 'RS.png'),
(206, 'South Sudan', 'SSD', 'SS', 'SS.png'),
(207, 'So Tom and Prncipe', 'STP', 'ST', 'ST.png'),
(208, 'Suriname', 'SUR', 'SR', 'SR.png'),
(209, 'Slovakia', 'SVK', 'SK', 'SK.png'),
(210, 'Slovenia', 'SVN', 'SI', 'SI.png'),
(211, 'Sweden', 'SWE', 'SE', 'SE.png'),
(212, 'Swaziland', 'SWZ', 'SZ', 'SZ.png'),
(213, 'Sint Maarten', 'SXM', 'SX', 'SX.png'),
(214, 'Seychelles', 'SYC', 'SC', 'SC.png'),
(215, 'Syria', 'SYR', 'SY', 'SY.png'),
(216, 'Turks and Caicos Islands', 'TCA', 'TC', 'TC.png'),
(217, 'Chad', 'TCD', 'TD', 'TD.png'),
(218, 'Togo', 'TGO', 'TG', 'TG.png'),
(219, 'Thailand', 'THA', 'TH', 'TH.png'),
(220, 'Tajikistan', 'TJK', 'TJ', 'TJ.png'),
(221, 'Tokelau', 'TKL', 'TK', 'TK.png'),
(222, 'Turkmenistan', 'TKM', 'TM', 'TM.png'),
(223, 'East Timor', 'TLS', 'TL', 'TL.png'),
(224, 'Tonga', 'TON', 'TO', 'TO.png'),
(225, 'Trinidad and Tobago', 'TTO', 'TT', 'TT.png'),
(226, 'Tunisia', 'TUN', 'TN', 'TN.png'),
(227, 'Turkey', 'TUR', 'TR', 'TR.png'),
(228, 'Tuvalu', 'TUV', 'TV', 'TV.png'),
(229, 'Taiwan', 'TWN', 'TW', 'TW.png'),
(230, 'Tanzania', 'TZA', 'TZ', 'TZ.png'),
(231, 'Uganda', 'UGA', 'UG', 'UG.png'),
(232, 'Ukraine', 'UKR', 'UA', 'UA.png'),
(233, 'U.S. Minor Outlying Islands', 'UMI', 'UM', 'UM.png'),
(234, 'Uruguay', 'URY', 'UY', 'UY.png'),
(235, 'United States', 'USA', 'US', 'US.png'),
(236, 'Uzbekistan', 'UZB', 'UZ', 'UZ.png'),
(237, 'Vatican City', 'VAT', 'VA', 'VA.png'),
(238, 'Saint Vincent and the Grenadines', 'VCT', 'VC', 'VC.png'),
(239, 'Venezuela', 'VEN', 'VE', 'VE.png'),
(240, 'British Virgin Islands', 'VGB', 'VG', 'VG.png'),
(241, 'U.S. Virgin Islands', 'VIR', 'VI', 'VI.png'),
(242, 'Vietnam', 'VNM', 'VN', 'VN.png'),
(243, 'Vanuatu', 'VUT', 'VU', 'VU.png'),
(244, 'Wallis and Futuna', 'WLF', 'WF', 'WF.png'),
(245, 'Samoa', 'WSM', 'WS', 'WS.png'),
(246, 'Kosovo', 'XKX', 'XK', 'XK.png'),
(247, 'Yemen', 'YEM', 'YE', 'YE.png'),
(248, 'South Africa', 'ZAF', 'ZA', 'ZA.png'),
(249, 'Zambia', 'ZMB', 'ZM', 'ZM.png'),
(250, 'Zimbabwe', 'ZWE', 'ZW', 'ZW.png');

-- --------------------------------------------------------

--
-- Table structure for table `l_pekerjaan`
--

CREATE TABLE `l_pekerjaan` (
  `id` int(11) NOT NULL,
  `pekerjaan` varchar(50) NOT NULL
) ENGINE=InnoDB DEFAULT CHARSET=utf8mb4;

--
-- Dumping data for table `l_pekerjaan`
--

INSERT INTO `l_pekerjaan` (`id`, `pekerjaan`) VALUES
(1, 'Belum/Tidak Bakerja'),
(2, 'Mengurus Rumah Tangga'),
(3, 'Pelajar/Mahasiswa'),
(4, 'Pensiunan'),
(5, 'Pegawai Negeri Sipil'),
(6, 'Tentara Nasional Indonesia'),
(7, 'Kepolisian RI'),
(8, 'Perdagangan'),
(9, 'Petani/Pekebun'),
(10, 'Peternak'),
(11, 'Nelayan/Perikanan'),
(12, 'Industri'),
(13, 'Konstruksi'),
(14, 'Transportasi'),
(15, 'Karyawan Swasta'),
(16, 'Karyawan BUMN'),
(17, 'Karyawan BUMD'),
(18, 'Karyawan Honorer'),
(19, 'Buruh Harian Lepas'),
(20, 'Buruh Tani/Perkebunan'),
(21, 'Buruh Nelayan/Perikanan'),
(22, 'Buruh Peternakan'),
(23, 'Pembantu Rumah Tangga'),
(24, 'Tukang Cukur'),
(25, 'Tukang Listrik'),
(26, 'Tukang Batu'),
(27, 'Tukang Kayu'),
(28, 'Tukang Sol Sepatu'),
(29, 'Tukang Las/Pandai Besi'),
(30, 'Tukang Jahit'),
(31, 'Tukang Gigi'),
(32, 'Penata Rias'),
(33, 'Penata Busana'),
(34, 'Penata Rambut'),
(35, 'Mekanik'),
(36, 'Seniman'),
(37, 'Tabib'),
(38, 'Peraji'),
(39, 'Perancang Busana'),
(40, 'Penterjemah'),
(41, 'Imam Masjid'),
(42, 'Pendeta'),
(43, 'Pastor'),
(44, 'Wartawan'),
(45, 'Ustadz/Mubaligh'),
(46, 'Juru Masak'),
(47, 'Promotor Acara'),
(48, 'Anggota DPR-RI'),
(49, 'Anggota DPD'),
(50, 'Anggota BPK'),
(51, 'Presiden'),
(52, 'Wakil Presiden'),
(53, 'Anggota Mahkamah Konstitusi'),
(54, 'Anggota Kabinet/Kementerian'),
(55, 'Duta Besar'),
(56, 'Gubenur'),
(57, 'Wakil Gubenur'),
(58, 'Bupati'),
(59, 'Wakil Bupati'),
(60, 'Walikota'),
(61, 'Wakil Walikota'),
(62, 'Anggota DPRD Provinsi'),
(63, 'Anggota DPRD Kabupaten/Kota'),
(64, 'Dosen'),
(65, 'Guru'),
(66, 'Pilot'),
(67, 'Pengacara'),
(68, 'Notaris'),
(69, 'Arsitek'),
(70, 'Akuntan'),
(71, 'Konsultan'),
(72, 'Dokter'),
(73, 'Bidan'),
(74, 'Perawat'),
(75, 'Apoteker'),
(76, 'Psikiater/Psikolog'),
(77, 'Penyiar Televisi'),
(78, 'Penyiar Radio'),
(79, 'Pelaut'),
(80, 'Peneliti'),
(81, 'Sopir'),
(82, 'Pialang'),
(83, 'Paranormal'),
(84, 'Pedagang'),
(85, 'Perangkat Desa'),
(86, 'Kepala Desa'),
(87, 'Biarawati'),
(88, 'Wiraswasta');

-- --------------------------------------------------------

--
-- Table structure for table `l_pendidikan`
--

CREATE TABLE `l_pendidikan` (
  `id` int(11) NOT NULL,
  `pendidikan` varchar(50) NOT NULL
) ENGINE=InnoDB DEFAULT CHARSET=utf8mb4;

--
-- Dumping data for table `l_pendidikan`
--

INSERT INTO `l_pendidikan` (`id`, `pendidikan`) VALUES
(1, 'Tidak/Belum Sekolah'),
(2, 'Tidak Tamat SD/Sederajat'),
(3, 'Tamat SD/Sederajat'),
(4, 'SLTP/Sederajat'),
(5, 'SLTA/Sederajat'),
(6, 'Diploma I/II'),
(7, 'Akademi/Diploma III/S. Muda'),
(8, 'Diploma IV/Strata I'),
(9, 'Strata II'),
(10, 'Strata III');

-- --------------------------------------------------------

--
-- Table structure for table `l_penghasilan`
--

CREATE TABLE `l_penghasilan` (
  `id` int(11) NOT NULL,
  `penghasilan` varchar(50) NOT NULL
) ENGINE=InnoDB DEFAULT CHARSET=utf8mb4;

--
-- Dumping data for table `l_penghasilan`
--

INSERT INTO `l_penghasilan` (`id`, `penghasilan`) VALUES
(1, 'Rp. 0'),
(2, 'Rp. 0 - Rp. 500.000'),
(3, 'Rp. 500.000 - Rp. 1.000.000'),
(4, 'Rp. 1.000.000 - Rp. 2.500.000'),
(5, 'Rp. 2.500.000 - Rp. 5.000.000'),
(6, 'Rp. 5.000.000 - Rp. 10.000.000'),
(7, 'Di atas Rp. 10.000.000');

-- --------------------------------------------------------

--
-- Table structure for table `l_provinsi`
--

CREATE TABLE `l_provinsi` (
  `id` int(11) NOT NULL,
  `provinsi` varchar(100) DEFAULT NULL
) ENGINE=InnoDB DEFAULT CHARSET=utf8;

--
-- Dumping data for table `l_provinsi`
--

INSERT INTO `l_provinsi` (`id`, `provinsi`) VALUES
(1, 'Bali'),
(2, 'Bangka Belitung'),
(3, 'Banten'),
(4, 'Bengkulu'),
(5, 'DI Yogyakarta'),
(6, 'DKI Jakarta'),
(7, 'Gorontalo'),
(8, 'Jambi'),
(9, 'Jawa Barat'),
(10, 'Jawa Tengah'),
(11, 'Jawa Timur'),
(12, 'Kalimantan Barat'),
(13, 'Kalimantan Selatan'),
(14, 'Kalimantan Tengah'),
(15, 'Kalimantan Timur'),
(16, 'Kalimantan Utara'),
(17, 'Kepulauan Riau'),
(18, 'Lampung'),
(19, 'Maluku'),
(20, 'Maluku Utara'),
(21, 'Nanggroe Aceh Darussalam (NAD)'),
(22, 'Nusa Tenggara Barat (NTB)'),
(23, 'Nusa Tenggara Timur (NTT)'),
(24, 'Papua'),
(25, 'Papua Barat'),
(26, 'Riau'),
(27, 'Sulawesi Barat'),
(28, 'Sulawesi Selatan'),
(29, 'Sulawesi Tengah'),
(30, 'Sulawesi Tenggara'),
(31, 'Sulawesi Utara'),
(32, 'Sumatera Barat'),
(33, 'Sumatera Selatan'),
(34, 'Sumatera Utara');

-- --------------------------------------------------------

--
-- Table structure for table `s_general`
--

CREATE TABLE `s_general` (
  `id` int(11) NOT NULL,
  `url_status` text NOT NULL,
  `id_merchant` varchar(100) NOT NULL,
  `client_key` varchar(100) NOT NULL,
  `server_key` varchar(100) NOT NULL,
  `favicon` varchar(30) NOT NULL,
  `login_brand` varchar(100) NOT NULL,
  `logokop1` varchar(50) NOT NULL,
  `kop` text NOT NULL,
  `logokop2` varchar(50) NOT NULL,
  `nama_kepsek` varchar(30) NOT NULL,
  `tandatangan_kepsek` text NOT NULL,
  `nip_kepsek` varchar(30) NOT NULL,
  `faq` text NOT NULL,
  `kontak` text NOT NULL,
  `status` enum('FALSE','TRUE') NOT NULL
) ENGINE=InnoDB DEFAULT CHARSET=utf8mb4;

--
-- Dumping data for table `s_general`
--

INSERT INTO `s_general` (`id`, `url_status`, `id_merchant`, `client_key`, `server_key`, `favicon`, `login_brand`, `logokop1`, `kop`, `logokop2`, `nama_kepsek`, `tandatangan_kepsek`, `nip_kepsek`, `faq`, `kontak`, `status`) VALUES
(1, 'https://app.sandbox.midtrans.com/snap/snap.js', 'G662518380', 'SB-Mid-client-gMm-cdlxM9XTlQ88', 'SB-Mid-server-8pgJ-ueHuXJhEzE7I6cKk6NG', 'favicon.ico', 'login-brand-default.svg', 'kop-default-1.png', '<center><font style=\"font-size: 14pt;\"><b>PEMERINTAHAN KOTA PURWOKERTO</b></font><br>                     \r\n  	<font style=\"font-size: 12pt;\"><b>DINAS PENDIDIKAN DAN KEBUDAYAAN</b></font><br>                         \r\n  	<font style=\"font-size: 16pt;\"><b>SMA NEGERI TADIKA MESRA</b></font><br>\r\n	<font align=\"justify\" style=\"font-size: 10pt;\"><i>Alamat Jl. Letjend Pol. Soemarto No.127, Watumas, Purwanegara, Kec. Purwokerto Utara, Kabupaten Banyumas, Jawa Tengah 53127. Hp: 08953285xxxxx. Email: sma.tadikamesra@tadika.sch.id</i><br>\r\n</center>', 'kop-default-2.png', 'Dr. Berlilana, M.Kom., M.Si', 'tandatangan-default.png', '0602127301', '					<div id=\"accordion\">\r\n                        <div class=\"accordion\">\r\n                            <div class=\"accordion-header\" role=\"button\" data-toggle=\"collapse\" data-target=\"#panel-body-1\">\r\n                                <h4>Panel 1</h4>\r\n                            </div>\r\n                            <div class=\"accordion-body collapse\" id=\"panel-body-1\" data-parent=\"#accordion\">\r\n                                <p class=\"mb-0\">Lorem ipsum dolor sit amet, consectetur adipisicing elit, sed do eiusmod\r\n                                    tempor incididunt ut labore et dolore magna aliqua. Ut enim ad minim veniam,\r\n                                    quis nostrud exercitation ullamco laboris nisi ut aliquip ex ea commodo\r\n                                    consequat. Duis aute irure dolor in reprehenderit in voluptate velit esse\r\n                                    cillum dolore eu fugiat nulla pariatur. Excepteur sint occaecat cupidatat non\r\n                                    proident, sunt in culpa qui officia deserunt mollit anim id est laborum.</p>\r\n                            </div>\r\n                        </div>\r\n                        <div class=\"accordion\">\r\n                            <div class=\"accordion-header\" role=\"button\" data-toggle=\"collapse\" data-target=\"#panel-body-2\">\r\n                                <h4>Panel 2</h4>\r\n                            </div>\r\n                            <div class=\"accordion-body collapse\" id=\"panel-body-2\" data-parent=\"#accordion\">\r\n                                <p class=\"mb-0\">Lorem ipsum dolor sit amet, consectetur adipisicing elit, sed do eiusmod\r\n                                    tempor incididunt ut labore et dolore magna aliqua. Ut enim ad minim veniam,\r\n                                    quis nostrud exercitation ullamco laboris nisi ut aliquip ex ea commodo\r\n                                    consequat. Duis aute irure dolor in reprehenderit in voluptate velit esse\r\n                                    cillum dolore eu fugiat nulla pariatur. Excepteur sint occaecat cupidatat non\r\n                                    proident, sunt in culpa qui officia deserunt mollit anim id est laborum.</p>\r\n                            </div>\r\n                        </div>\r\n                        <div class=\"accordion\">\r\n                            <div class=\"accordion-header\" role=\"button\" data-toggle=\"collapse\" data-target=\"#panel-body-3\">\r\n                                <h4>Panel 3</h4>\r\n                            </div>\r\n                            <div class=\"accordion-body collapse\" id=\"panel-body-3\" data-parent=\"#accordion\">\r\n                                <p class=\"mb-0\">Lorem ipsum dolor sit amet, consectetur adipisicing elit, sed do eiusmod\r\n                                    tempor incididunt ut labore et dolore magna aliqua. Ut enim ad minim veniam,\r\n                                    quis nostrud exercitation ullamco laboris nisi ut aliquip ex ea commodo\r\n                                    consequat. Duis aute irure dolor in reprehenderit in voluptate velit esse\r\n                                    cillum dolore eu fugiat nulla pariatur. Excepteur sint occaecat cupidatat non\r\n                                    proident, sunt in culpa qui officia deserunt mollit anim id est laborum.</p>\r\n                            </div>\r\n                        </div>\r\n                    </div>', '				<!-- Email -->\r\n                <div class=\"col-lg-12 col-md-6 col-sm-6 col-12\">\r\n                    <div class=\"card card-statistic-1 shadow\">\r\n                        <div class=\"card-icon bg-primary\">\r\n                            <i class=\"far fa-envelope\"></i>\r\n                        </div>\r\n                        <div class=\"card-wrap\">\r\n                            <div class=\"card-header\">\r\n                                <h4>Email</h4>\r\n                            </div>\r\n                            <div class=\"card-body\">\r\n                                <a class=\"text-dark\" href=\"mailto:trendykumprunk01@gmail.com\">trendykumprunk01@gmail.com</a>\r\n                            </div>\r\n                        </div>\r\n                    </div>\r\n                </div>\r\n\r\n\r\n				<!-- Contact Center -->\r\n                <div class=\"col-lg-12 col-md-6 col-sm-6 col-12\">\r\n                    <div class=\"card card-statistic-1 shadow\">\r\n                        <div class=\"card-icon bg-primary\">\r\n                            <i class=\"fas fa-phone\"></i>\r\n                        </div>\r\n                        <div class=\"card-wrap\">\r\n                            <div class=\"card-header\">\r\n                                <h4>Contact Center</h4>\r\n                            </div>\r\n                            <div class=\"card-body\">\r\n                                <a class=\"text-dark\" href=\"#your-link\">(+62) 895328xxxxxx</a>\r\n                            </div>\r\n                        </div>\r\n                    </div>\r\n                </div>\r\n\r\n				<!-- SMS -->\r\n				<div class=\"col-lg-12 col-md-6 col-sm-6 col-12\">\r\n                    <div class=\"card card-statistic-1 shadow\">\r\n                        <div class=\"card-icon bg-primary\">\r\n                            <i class=\"fas fa-comment-dots\"></i>\r\n                        </div>\r\n                        <div class=\"card-wrap\">\r\n                            <div class=\"card-header\">\r\n                                <h4>SMS</h4>\r\n                            </div>\r\n                            <div class=\"card-body\">\r\n                                <a class=\"text-dark\" href=\"#your-link\">(+62) 895328xxxxxx</a>\r\n                            </div>\r\n                        </div>\r\n                    </div>\r\n                </div>\r\n\r\n\r\n 				<!-- Website -->\r\n                <div class=\"col-lg-12 col-md-6 col-sm-6 col-12\">\r\n                    <div class=\"card card-statistic-1 shadow\">\r\n                        <div class=\"card-icon bg-primary\">\r\n                            <i class=\"fas fa-globe\"></i>\r\n                        </div>\r\n                        <div class=\"card-wrap\">\r\n                            <div class=\"card-header\">\r\n                                <h4>Website</h4>\r\n                            </div>\r\n                            <div class=\"card-body\">\r\n                                <a class=\"text-dark\" href=\"#your-link\" target=\"_blank\">-</a>\r\n                            </div>\r\n                        </div>\r\n                    </div>\r\n                </div>\r\n\r\n\r\n				<!-- WhatsApp -->\r\n                <div class=\"col-lg-12 col-md-6 col-sm-6 col-12\">\r\n                    <div class=\"card card-statistic-1 shadow\">\r\n                        <div class=\"card-icon bg-primary\">\r\n                            <i class=\"fab fa-whatsapp\"></i>\r\n                        </div>\r\n                        <div class=\"card-wrap\">\r\n                            <div class=\"card-header\">\r\n                                <h4>WhatsApp</h4>\r\n                            </div>\r\n                            <div class=\"card-body\">\r\n                                <a class=\"text-dark\" href=\"https://bit.ly/3EqAnDu\" target=\"_blank\">(+62) 895328xxxxxx</a>\r\n                            </div>\r\n                        </div>\r\n                    </div>\r\n                </div>\r\n\r\n\r\n				<!-- Telegram -->\r\n                <div class=\"col-lg-12 col-md-6 col-sm-6 col-12\">\r\n                    <div class=\"card card-statistic-1 shadow\">\r\n                        <div class=\"card-icon bg-primary\">\r\n                            <i class=\"fab fa-telegram\"></i>\r\n                        </div>\r\n                        <div class=\"card-wrap\">\r\n                            <div class=\"card-header\">\r\n                                <h4>Telegram</h4>\r\n                            </div>\r\n                            <div class=\"card-body\">\r\n                                <a class=\"text-dark\" href=\"https://bit.ly/3yoR3HD\" target=\"_blank\">@kumprunk157</a>\r\n                            </div>\r\n                        </div>\r\n                    </div>\r\n                </div>\r\n\r\n\r\n				<!-- Twitter -->\r\n                <div class=\"col-lg-12 col-md-6 col-sm-6 col-12\">\r\n                    <div class=\"card card-statistic-1 shadow\">\r\n                        <div class=\"card-icon bg-primary\">\r\n                            <i class=\"fab fa-twitter\"></i>\r\n                        </div>\r\n                        <div class=\"card-wrap\">\r\n                            <div class=\"card-header\">\r\n                                <h4>Twitter</h4>\r\n                            </div>\r\n                            <div class=\"card-body\">\r\n                                <a class=\"text-dark\" href=\"#your-link\" target=\"_blank\">-</a>\r\n                            </div>\r\n                        </div>\r\n                    </div>\r\n                </div>\r\n\r\n                <!-- Facebook -->\r\n                <div class=\"col-lg-12 col-md-6 col-sm-6 col-12\">\r\n                    <div class=\"card card-statistic-1 shadow\">\r\n                        <div class=\"card-icon bg-primary\">\r\n                            <i class=\"fab fa-facebook\"></i>\r\n                        </div>\r\n                        <div class=\"card-wrap\">\r\n                            <div class=\"card-header\">\r\n                                <h4>Facebook</h4>\r\n                            </div>\r\n                            <div class=\"card-body\">\r\n                                <a class=\"text-dark\" href=\"https://bit.ly/3EzQGxE\" target=\"_blank\">Arief Nursholeh</a>\r\n                            </div>\r\n                        </div>\r\n                    </div>\r\n                </div>\r\n\r\n\r\n                <!-- Instagram -->\r\n                <div class=\"col-lg-12 col-md-6 col-sm-6 col-12\">\r\n                    <div class=\"card card-statistic-1 shadow\">\r\n                        <div class=\"card-icon bg-primary\">\r\n                            <i class=\"fab fa-instagram\"></i>\r\n                        </div>\r\n                        <div class=\"card-wrap\">\r\n                            <div class=\"card-header\">\r\n                                <h4>Instagram</h4>\r\n                            </div>\r\n                            <div class=\"card-body\">\r\n                                <a class=\"text-dark\" href=\"https://bit.ly/3fCSPhG\" target=\"_blank\">@kumprunk__</a>\r\n                            </div>\r\n                        </div>\r\n                    </div>\r\n                </div>', 'FALSE');

-- --------------------------------------------------------

--
-- Table structure for table `u_access`
--

CREATE TABLE `u_access` (
  `id` int(11) NOT NULL,
  `controllers_id` int(11) NOT NULL,
  `role_id` int(11) NOT NULL
) ENGINE=InnoDB DEFAULT CHARSET=utf8mb4;

--
-- Dumping data for table `u_access`
--

INSERT INTO `u_access` (`id`, `controllers_id`, `role_id`) VALUES
(1, 1, 1),
(2, 2, 1),
(3, 4, 1),
(4, 6, 1),
(5, 7, 1),
(6, 9, 1),
(7, 10, 1),
(8, 1, 2),
(9, 2, 2),
(10, 4, 2),
(11, 5, 2),
(12, 7, 2),
(13, 9, 2),
(14, 1, 3),
(15, 8, 3),
(16, 3, 1),
(17, 3, 2),
(18, 3, 3),
(19, 11, 1),
(20, 11, 2),
(21, 11, 3),
(22, 1, 4),
(23, 4, 4),
(24, 8, 4),
(25, 13, 4),
(26, 11, 4);

-- --------------------------------------------------------

--
-- Table structure for table `u_active`
--

CREATE TABLE `u_active` (
  `id` int(11) NOT NULL,
  `active` varchar(30) NOT NULL
) ENGINE=InnoDB DEFAULT CHARSET=utf8mb4;

--
-- Dumping data for table `u_active`
--

INSERT INTO `u_active` (`id`, `active`) VALUES
(1, 'Aktif'),
(2, 'Tidak Aktif');

-- --------------------------------------------------------

--
-- Table structure for table `u_controllers`
--

CREATE TABLE `u_controllers` (
  `id` int(11) NOT NULL,
  `controllers` varchar(50) NOT NULL
) ENGINE=InnoDB DEFAULT CHARSET=utf8mb4;

--
-- Dumping data for table `u_controllers`
--

INSERT INTO `u_controllers` (`id`, `controllers`) VALUES
(1, 'Dashboard'),
(2, 'Guru'),
(3, 'Help'),
(4, 'Kajur'),
(5, 'Mapel'),
(6, 'Settings'),
(7, 'Siswa'),
(8, 'Siswalog'),
(9, 'Tagihan'),
(10, 'User'),
(11, 'Userlog'),
(13, 'Gurulog');

-- --------------------------------------------------------

--
-- Table structure for table `u_role`
--

CREATE TABLE `u_role` (
  `id` int(11) NOT NULL,
  `role` varchar(30) NOT NULL
) ENGINE=InnoDB DEFAULT CHARSET=utf8mb4;

--
-- Dumping data for table `u_role`
--

INSERT INTO `u_role` (`id`, `role`) VALUES
(1, 'Super Admin'),
(2, 'Admin'),
(3, 'Siswa'),
(4, 'Guru');

-- --------------------------------------------------------

--
-- Table structure for table `u_user`
--

CREATE TABLE `u_user` (
  `id` int(11) NOT NULL,
  `username` varchar(50) NOT NULL,
  `nama` varchar(50) NOT NULL,
  `password` varchar(250) NOT NULL,
  `email` varchar(50) NOT NULL,
  `role_id` int(11) NOT NULL,
  `active_id` int(11) NOT NULL,
  `date_created` datetime NOT NULL,
  `date_update` datetime NOT NULL
) ENGINE=InnoDB DEFAULT CHARSET=utf8mb4;

--
-- Dumping data for table `u_user`
--

INSERT INTO `u_user` (`id`, `username`, `nama`, `password`, `email`, `role_id`, `active_id`, `date_created`, `date_update`) VALUES
(1, 'root', 'Super Admin', '$2y$10$AQZLMdUFTUf13WSLjICZIedkz9OWfEar55p.s/.fXf4SWsywUDaGu', 'arilkweb@gmai.com', 1, 1, '2022-09-01 11:22:37', '2022-09-01 11:22:37'),
(7, '123450', 'ari lk', '$2y$10$Bu.PGfHFptYg.1hwd0xiMeYDkZnIajCQJ327HExcRDaxShocAXPWW', 'ariktppc@gmail.com', 3, 1, '2022-09-25 15:18:13', '2022-09-26 07:55:31'),
(8, '123451', 'cici safitri', '$2y$10$moen4EfrocSzLvZusN9mSuCja596/6wVglH68JsZYS0gEOCmK83sS', 'cici@gmail.com', 3, 1, '2022-09-26 03:42:30', '2022-09-26 03:42:30'),
(9, '123452', 'Suhanadi', '$2y$10$90EXUQU2mo3tAy1pcrKOOu5EzSFkbSZnly9UHFcFV4avvxiQlSarC', '', 3, 1, '2022-09-26 11:50:14', '2022-09-26 11:50:14'),
(10, '123453', 'Tata Mahtera', '$2y$10$NjdsufLNTrvrHoTsqm8lvO6sKgrI6DICk8HtCwCXPp22xAiuF.YaW', 'mahtera@gmail.com', 3, 1, '2022-09-26 11:52:13', '2022-10-13 01:35:57'),
(11, '123455', 'Tandi', '$2y$10$tNB73zjPA951MifxXvdxr.gHEd39ZjCxZEa/lqseem2YW0jsB85Ha', '', 3, 1, '2022-09-26 11:54:23', '2022-09-26 11:54:23'),
(12, 'admin1', 'Admin Satu', '$2y$10$Ek1r9Bn2dXBPlDff5osDcupzbj9rP46LK43ZkD9HnD2kqQECJWPhq', '', 2, 1, '2022-09-26 12:29:06', '2022-09-26 12:29:06'),
(13, 'superadmin1', 'Super Admin Satu', '$2y$10$Z2wPq9/B2VGVn3vaNvT8surVaPMv9P2idFC78L8JtxQK/vqkG0XPq', '', 1, 1, '2022-09-27 07:46:45', '2022-09-27 07:46:45'),
(14, 'superadmin2', 'Supaer Admin Dua', '$2y$10$9xb48l33ZXPMTZlg2mRimOgIArUq4ciiuWq3LKOADsc1v9BQoabF6', '', 1, 1, '2022-09-27 07:47:02', '2022-09-27 07:47:02'),
(15, 'superadmin3', 'Super Admin Tiga', '$2y$10$pWzomLhnyHi1Q8kosH1Nt.ibUygEelJlxJF6KtvbbJTCjr4TUB/T6', '', 1, 1, '2022-09-27 07:47:20', '2022-09-27 07:47:20'),
(16, 'admin2', 'Admin Dua', '$2y$10$Jqu/kPHv9Oc2qP4j4SZpqOwz4cjIrNT9Uqc6wa1RSZT/zqGPARVzi', '', 2, 1, '2022-09-27 07:47:47', '2022-09-27 07:47:47'),
(17, 'admin3', 'Admin Tiga', '$2y$10$/vvYNvanJ6JcfNP5e6GuVu1TksfuOwg/oWwnrpQPrwqQoOxlVoGUC', '', 2, 1, '2022-09-27 07:48:21', '2022-09-27 07:48:21'),
(18, '20541057', 'Arief Nursoleh', '$2y$10$wa03AmEa.tB.zhR3pJGfuOTamcgbUmyYtGkT0RB02jZNZcwClvFhq', 'trendykumprunk01@gmail.com', 3, 1, '2022-10-08 04:10:16', '2022-10-08 04:10:16'),
(19, 'guru1', 'Arief Nursoleh', '$2y$10$29CwSH5weD1Nmiwk9fHv7ukME4i3ItAO4jdqg6jluetG6ynPQLIYG', 'guru1@gmail.com', 4, 1, '2022-10-13 02:02:57', '2022-10-13 02:02:57'),
(24, '12345671', 'DRH HENDRIYATNO KRISHNA NUGROHO', '$2y$10$Qg0R1SeLS0dubHRejF8dnuQmhnm3H7VridmCdtoB59.2jS1Bh5zeq', 'arbangun@gmail.com', 4, 1, '2022-10-17 01:31:32', '2022-10-17 01:31:32'),
(26, '12345672', 'Suti', '$2y$10$ykD7fDRO8n8IocJ88MYKBu7dBKd1DY1cTk30msddzBvUxTKKLRSAq', 'suti@gmail.com', 4, 1, '2022-10-24 01:21:31', '2022-10-24 01:21:31'),
(27, '12345673', 'PRASTOWO ADI', '$2y$10$ZSMxYPsk.YsErpk7.5r00.bROlxgLe.GhZ2qNimI/x8NhQy14cIFK', 'uki@gmail.com', 4, 1, '2022-10-24 03:05:55', '2022-10-24 03:05:55'),
(28, '12345674', 'Arief Nursoleh', '$2y$10$SI1TBY4Q52CZX5Uz1OxYzuKJkeQl7ZEkSw0tFTA.clo7ZOURjj0Ci', 'arief@gmail.com', 4, 1, '2022-10-24 03:15:00', '2022-10-24 03:15:00');

-- --------------------------------------------------------

--
-- Table structure for table `u_user_logaktivitas`
--

CREATE TABLE `u_user_logaktivitas` (
  `id` int(11) NOT NULL,
  `user_id` int(11) NOT NULL,
  `datetime` datetime NOT NULL,
  `keterangan` varchar(50) NOT NULL
) ENGINE=InnoDB DEFAULT CHARSET=utf8mb4;

--
-- Dumping data for table `u_user_logaktivitas`
--

INSERT INTO `u_user_logaktivitas` (`id`, `user_id`, `datetime`, `keterangan`) VALUES
(26, 7, '2022-09-26 07:51:50', 'berhasil update akun'),
(27, 7, '2022-09-26 07:55:31', 'berhasil update akun'),
(28, 1, '2022-09-26 12:29:59', 'login'),
(29, 12, '2022-09-26 12:35:18', 'login'),
(30, 1, '2022-09-26 12:52:16', 'login'),
(31, 7, '2022-09-26 13:04:08', 'login'),
(32, 7, '2022-09-27 05:39:01', 'login'),
(33, 1, '2022-09-27 05:58:36', 'login'),
(34, 1, '2022-09-27 06:44:18', 'create new tagihan 123452'),
(35, 1, '2022-09-27 07:35:05', 'login'),
(36, 7, '2022-09-27 07:43:27', 'login'),
(37, 1, '2022-09-27 07:45:57', 'login'),
(38, 12, '2022-09-27 23:47:04', 'login'),
(39, 10, '2022-09-27 23:48:24', 'login'),
(40, 1, '2022-09-27 23:50:15', 'login'),
(41, 10, '2022-09-27 23:52:39', 'login'),
(42, 12, '2022-09-27 23:52:50', 'login'),
(43, 12, '2022-09-28 00:20:54', 'login'),
(44, 12, '2022-09-28 20:43:53', 'login'),
(45, 1, '2022-09-29 00:29:27', 'login'),
(46, 1, '2022-10-01 11:01:18', 'login'),
(47, 10, '2022-10-08 03:35:27', 'login'),
(48, 10, '2022-10-08 03:42:35', 'login'),
(49, 13, '2022-10-08 03:46:07', 'login'),
(50, 13, '2022-10-08 03:46:31', 'berhasil update settings Help Center->faq'),
(51, 13, '2022-10-08 03:46:48', 'berhasil update settings Help Center->kontak kami'),
(52, 13, '2022-10-08 04:01:24', 'login'),
(53, 1, '2022-10-11 00:11:12', 'login'),
(54, 10, '2022-10-11 23:24:29', 'login'),
(55, 1, '2022-10-11 23:25:05', 'login'),
(56, 12, '2022-10-11 23:25:29', 'login'),
(57, 7, '2022-10-11 23:27:55', 'login'),
(58, 12, '2022-10-11 23:33:55', 'login'),
(59, 1, '2022-10-12 14:00:11', 'login'),
(60, 1, '2022-10-13 00:24:34', 'login'),
(61, 10, '2022-10-13 00:32:02', 'login'),
(62, 10, '2022-10-13 00:34:33', 'berhasil update data orang tua/wali'),
(63, 10, '2022-10-13 00:54:31', 'berhasil update foto'),
(64, 1, '2022-10-13 01:27:12', 'login'),
(65, 1, '2022-10-13 01:28:55', 'berhasil update settings Help Center->kontak kami'),
(66, 10, '2022-10-13 01:30:18', 'login'),
(67, 10, '2022-10-13 01:31:02', 'berhasil update biodata'),
(68, 12, '2022-10-13 01:31:47', 'login'),
(69, 10, '2022-10-13 01:32:42', 'login'),
(70, 10, '2022-10-13 01:35:57', 'berhasil update akun'),
(71, 10, '2022-10-13 01:36:16', 'password akun berhasil diubah'),
(72, 10, '2022-10-13 01:36:42', 'login'),
(73, 12, '2022-10-13 01:37:13', 'login'),
(74, 1, '2022-10-13 02:02:23', 'login'),
(75, 19, '2022-10-13 02:04:12', 'login'),
(76, 1, '2022-10-13 02:08:08', 'login'),
(77, 19, '2022-10-13 02:08:40', 'login'),
(78, 1, '2022-10-13 02:08:52', 'login'),
(80, 1, '2022-10-13 02:13:18', 'login'),
(82, 1, '2022-10-13 02:14:05', 'login'),
(83, 1, '2022-10-13 02:15:39', 'login'),
(85, 1, '2022-10-13 02:16:44', 'login'),
(86, 19, '2022-10-13 02:19:19', 'login'),
(87, 1, '2022-10-15 22:55:33', 'login'),
(88, 19, '2022-10-15 23:10:21', 'login'),
(89, 1, '2022-10-15 23:11:56', 'login'),
(90, 10, '2022-10-15 23:12:40', 'login'),
(91, 19, '2022-10-15 23:15:52', 'login'),
(92, 1, '2022-10-16 22:15:34', 'login'),
(93, 19, '2022-10-16 23:56:45', 'login'),
(94, 10, '2022-10-16 23:57:48', 'login'),
(95, 19, '2022-10-16 23:58:13', 'login'),
(96, 10, '2022-10-16 23:59:40', 'login'),
(97, 1, '2022-10-17 00:18:34', 'login'),
(98, 1, '2022-10-17 01:18:41', 'login'),
(99, 24, '2022-10-17 01:33:28', 'login'),
(100, 1, '2022-10-17 01:47:13', 'login'),
(101, 10, '2022-10-17 02:22:07', 'login'),
(102, 7, '2022-10-17 02:23:25', 'login'),
(103, 12, '2022-10-17 02:31:02', 'login'),
(104, 1, '2022-10-17 02:57:14', 'login'),
(105, 1, '2022-10-17 10:15:57', 'login'),
(106, 10, '2022-10-17 10:16:30', 'login'),
(107, 7, '2022-10-17 10:17:30', 'login'),
(108, 19, '2022-10-17 10:18:25', 'login'),
(109, 1, '2022-10-17 10:18:54', 'login'),
(110, 1, '2022-10-18 08:42:00', 'login'),
(111, 19, '2022-10-18 08:52:53', 'login'),
(112, 1, '2022-10-18 09:19:23', 'login'),
(113, 24, '2022-10-18 10:59:10', 'login'),
(114, 1, '2022-10-18 21:10:46', 'login'),
(115, 12, '2022-10-20 23:37:48', 'login'),
(116, 24, '2022-10-23 16:39:50', 'login'),
(117, 10, '2022-10-23 16:54:10', 'login'),
(118, 24, '2022-10-24 00:23:09', 'login'),
(119, 24, '2022-10-24 00:29:02', 'login'),
(120, 1, '2022-10-24 00:29:13', 'login'),
(121, 10, '2022-10-24 00:30:30', 'login'),
(122, 1, '2022-10-24 00:32:02', 'login'),
(123, 26, '2022-10-24 01:51:10', 'login'),
(124, 10, '2022-10-24 02:00:58', 'login'),
(125, 1, '2022-10-24 03:02:23', 'login'),
(126, 27, '2022-10-24 03:11:15', 'login'),
(127, 27, '2022-10-24 03:35:01', 'berhasil update biodata'),
(128, 1, '2022-10-24 20:41:40', 'login'),
(129, 24, '2022-10-24 22:22:13', 'login'),
(130, 24, '2022-10-24 22:23:37', 'berhasil update biodata'),
(131, 10, '2022-10-24 22:43:04', 'login'),
(132, 1, '2022-10-24 23:42:17', 'login'),
(133, 24, '2022-10-24 23:43:33', 'login'),
(134, 24, '2022-10-25 02:56:10', 'login'),
(135, 7, '2022-10-25 03:03:59', 'login'),
(136, 26, '2022-10-25 04:01:26', 'login'),
(137, 24, '2022-10-25 04:05:23', 'login'),
(138, 24, '2022-10-25 04:24:28', 'login'),
(139, 26, '2022-10-25 04:44:03', 'login'),
(140, 24, '2022-10-27 21:25:12', 'login'),
(141, 26, '2022-10-27 21:41:29', 'login'),
(142, 1, '2022-10-30 02:52:34', 'login'),
(143, 10, '2022-10-30 02:55:04', 'login');

--
-- Indexes for dumped tables
--

--
-- Indexes for table `b_jurusan`
--
ALTER TABLE `b_jurusan`
  ADD PRIMARY KEY (`kd_jurusan`);

--
-- Indexes for table `b_kelas`
--
ALTER TABLE `b_kelas`
  ADD PRIMARY KEY (`kd_kelas`);

--
-- Indexes for table `b_mapel`
--
ALTER TABLE `b_mapel`
  ADD PRIMARY KEY (`kd_mapel`);

--
-- Indexes for table `b_nilai`
--
ALTER TABLE `b_nilai`
  ADD PRIMARY KEY (`id`),
  ADD KEY `kd_mapel` (`kd_mapel`),
  ADD KEY `b_nilai_ibfk_1` (`nis`),
  ADD KEY `kd_semester` (`kd_semester`);

--
-- Indexes for table `b_nilai_tugas`
--
ALTER TABLE `b_nilai_tugas`
  ADD PRIMARY KEY (`id`),
  ADD UNIQUE KEY `nis` (`nis`,`kd_mapel`,`kd_semester`),
  ADD KEY `kd_semester` (`kd_semester`),
  ADD KEY `kd_mapel` (`kd_mapel`);

--
-- Indexes for table `b_orangtua`
--
ALTER TABLE `b_orangtua`
  ADD PRIMARY KEY (`id`),
  ADD KEY `nis` (`nis`);

--
-- Indexes for table `b_semester`
--
ALTER TABLE `b_semester`
  ADD PRIMARY KEY (`kd_semester`);

--
-- Indexes for table `b_siswa`
--
ALTER TABLE `b_siswa`
  ADD PRIMARY KEY (`nis`),
  ADD KEY `kd_jurusan` (`kd_jurusan`),
  ADD KEY `kd_kelas` (`kd_kelas`),
  ADD KEY `kd_status_masuk` (`kd_status_masuk`),
  ADD KEY `kd_status_siswa` (`kd_status_siswa`);

--
-- Indexes for table `b_siswa2`
--
ALTER TABLE `b_siswa2`
  ADD PRIMARY KEY (`id`),
  ADD KEY `nis` (`nis`);

--
-- Indexes for table `b_status_masuk`
--
ALTER TABLE `b_status_masuk`
  ADD PRIMARY KEY (`kd_status_masuk`);

--
-- Indexes for table `b_status_siswa`
--
ALTER TABLE `b_status_siswa`
  ADD PRIMARY KEY (`kd_status_siswa`);

--
-- Indexes for table `b_tagihan`
--
ALTER TABLE `b_tagihan`
  ADD PRIMARY KEY (`id`),
  ADD KEY `nis` (`nis`);

--
-- Indexes for table `c_golongan`
--
ALTER TABLE `c_golongan`
  ADD PRIMARY KEY (`id`);

--
-- Indexes for table `c_guru`
--
ALTER TABLE `c_guru`
  ADD PRIMARY KEY (`id`),
  ADD KEY `golongan_id` (`golongan_id`),
  ADD KEY `status_id` (`status_id`),
  ADD KEY `guru_kelas` (`guru_kelas`,`guru_mapel`),
  ADD KEY `guru_mapel` (`guru_mapel`);

--
-- Indexes for table `c_status`
--
ALTER TABLE `c_status`
  ADD PRIMARY KEY (`id`);

--
-- Indexes for table `l_agama`
--
ALTER TABLE `l_agama`
  ADD PRIMARY KEY (`id`);

--
-- Indexes for table `l_golda`
--
ALTER TABLE `l_golda`
  ADD PRIMARY KEY (`id`);

--
-- Indexes for table `l_kabupaten`
--
ALTER TABLE `l_kabupaten`
  ADD PRIMARY KEY (`id`);

--
-- Indexes for table `l_kecamatan`
--
ALTER TABLE `l_kecamatan`
  ADD PRIMARY KEY (`id`);

--
-- Indexes for table `l_negara`
--
ALTER TABLE `l_negara`
  ADD PRIMARY KEY (`id`);

--
-- Indexes for table `l_pekerjaan`
--
ALTER TABLE `l_pekerjaan`
  ADD PRIMARY KEY (`id`);

--
-- Indexes for table `l_pendidikan`
--
ALTER TABLE `l_pendidikan`
  ADD PRIMARY KEY (`id`);

--
-- Indexes for table `l_penghasilan`
--
ALTER TABLE `l_penghasilan`
  ADD PRIMARY KEY (`id`);

--
-- Indexes for table `l_provinsi`
--
ALTER TABLE `l_provinsi`
  ADD PRIMARY KEY (`id`);

--
-- Indexes for table `s_general`
--
ALTER TABLE `s_general`
  ADD PRIMARY KEY (`id`);

--
-- Indexes for table `u_access`
--
ALTER TABLE `u_access`
  ADD PRIMARY KEY (`id`),
  ADD KEY `role_id` (`role_id`),
  ADD KEY `controllers_id` (`controllers_id`);

--
-- Indexes for table `u_active`
--
ALTER TABLE `u_active`
  ADD PRIMARY KEY (`id`);

--
-- Indexes for table `u_controllers`
--
ALTER TABLE `u_controllers`
  ADD PRIMARY KEY (`id`);

--
-- Indexes for table `u_role`
--
ALTER TABLE `u_role`
  ADD PRIMARY KEY (`id`);

--
-- Indexes for table `u_user`
--
ALTER TABLE `u_user`
  ADD PRIMARY KEY (`id`),
  ADD KEY `u_user_ibfk_1` (`active_id`),
  ADD KEY `u_user_ibfk_2` (`role_id`);

--
-- Indexes for table `u_user_logaktivitas`
--
ALTER TABLE `u_user_logaktivitas`
  ADD PRIMARY KEY (`id`),
  ADD KEY `user_id` (`user_id`);

--
-- AUTO_INCREMENT for dumped tables
--

--
-- AUTO_INCREMENT for table `b_nilai`
--
ALTER TABLE `b_nilai`
  MODIFY `id` int(11) NOT NULL AUTO_INCREMENT, AUTO_INCREMENT=4;

--
-- AUTO_INCREMENT for table `b_nilai_tugas`
--
ALTER TABLE `b_nilai_tugas`
  MODIFY `id` int(11) NOT NULL AUTO_INCREMENT, AUTO_INCREMENT=6;

--
-- AUTO_INCREMENT for table `b_orangtua`
--
ALTER TABLE `b_orangtua`
  MODIFY `id` int(11) NOT NULL AUTO_INCREMENT, AUTO_INCREMENT=7;

--
-- AUTO_INCREMENT for table `b_siswa2`
--
ALTER TABLE `b_siswa2`
  MODIFY `id` int(11) NOT NULL AUTO_INCREMENT, AUTO_INCREMENT=7;

--
-- AUTO_INCREMENT for table `b_tagihan`
--
ALTER TABLE `b_tagihan`
  MODIFY `id` int(11) NOT NULL AUTO_INCREMENT, AUTO_INCREMENT=38;

--
-- AUTO_INCREMENT for table `c_guru`
--
ALTER TABLE `c_guru`
  MODIFY `id` int(11) NOT NULL AUTO_INCREMENT, AUTO_INCREMENT=15;

--
-- AUTO_INCREMENT for table `l_agama`
--
ALTER TABLE `l_agama`
  MODIFY `id` int(11) NOT NULL AUTO_INCREMENT, AUTO_INCREMENT=8;

--
-- AUTO_INCREMENT for table `l_golda`
--
ALTER TABLE `l_golda`
  MODIFY `id` int(11) NOT NULL AUTO_INCREMENT, AUTO_INCREMENT=10;

--
-- AUTO_INCREMENT for table `l_kabupaten`
--
ALTER TABLE `l_kabupaten`
  MODIFY `id` int(11) NOT NULL AUTO_INCREMENT, AUTO_INCREMENT=512;

--
-- AUTO_INCREMENT for table `l_kecamatan`
--
ALTER TABLE `l_kecamatan`
  MODIFY `id` int(11) NOT NULL AUTO_INCREMENT, AUTO_INCREMENT=6975;

--
-- AUTO_INCREMENT for table `l_negara`
--
ALTER TABLE `l_negara`
  MODIFY `id` int(11) NOT NULL AUTO_INCREMENT, AUTO_INCREMENT=251;

--
-- AUTO_INCREMENT for table `l_pekerjaan`
--
ALTER TABLE `l_pekerjaan`
  MODIFY `id` int(11) NOT NULL AUTO_INCREMENT, AUTO_INCREMENT=103;

--
-- AUTO_INCREMENT for table `l_pendidikan`
--
ALTER TABLE `l_pendidikan`
  MODIFY `id` int(11) NOT NULL AUTO_INCREMENT, AUTO_INCREMENT=101;

--
-- AUTO_INCREMENT for table `l_penghasilan`
--
ALTER TABLE `l_penghasilan`
  MODIFY `id` int(11) NOT NULL AUTO_INCREMENT, AUTO_INCREMENT=101;

--
-- AUTO_INCREMENT for table `l_provinsi`
--
ALTER TABLE `l_provinsi`
  MODIFY `id` int(11) NOT NULL AUTO_INCREMENT, AUTO_INCREMENT=35;

--
-- AUTO_INCREMENT for table `u_access`
--
ALTER TABLE `u_access`
  MODIFY `id` int(11) NOT NULL AUTO_INCREMENT, AUTO_INCREMENT=27;

--
-- AUTO_INCREMENT for table `u_active`
--
ALTER TABLE `u_active`
  MODIFY `id` int(11) NOT NULL AUTO_INCREMENT, AUTO_INCREMENT=3;

--
-- AUTO_INCREMENT for table `u_controllers`
--
ALTER TABLE `u_controllers`
  MODIFY `id` int(11) NOT NULL AUTO_INCREMENT, AUTO_INCREMENT=14;

--
-- AUTO_INCREMENT for table `u_role`
--
ALTER TABLE `u_role`
  MODIFY `id` int(11) NOT NULL AUTO_INCREMENT, AUTO_INCREMENT=5;

--
-- AUTO_INCREMENT for table `u_user`
--
ALTER TABLE `u_user`
  MODIFY `id` int(11) NOT NULL AUTO_INCREMENT, AUTO_INCREMENT=29;

--
-- AUTO_INCREMENT for table `u_user_logaktivitas`
--
ALTER TABLE `u_user_logaktivitas`
  MODIFY `id` int(11) NOT NULL AUTO_INCREMENT, AUTO_INCREMENT=144;

--
-- Constraints for dumped tables
--

--
-- Constraints for table `b_nilai`
--
ALTER TABLE `b_nilai`
  ADD CONSTRAINT `b_nilai_ibfk_1` FOREIGN KEY (`nis`) REFERENCES `b_siswa` (`nis`) ON DELETE CASCADE ON UPDATE CASCADE,
  ADD CONSTRAINT `b_nilai_ibfk_2` FOREIGN KEY (`kd_mapel`) REFERENCES `b_mapel` (`kd_mapel`) ON UPDATE CASCADE,
  ADD CONSTRAINT `b_nilai_ibfk_3` FOREIGN KEY (`kd_semester`) REFERENCES `b_semester` (`kd_semester`) ON UPDATE CASCADE;

--
-- Constraints for table `b_nilai_tugas`
--
ALTER TABLE `b_nilai_tugas`
  ADD CONSTRAINT `b_nilai_tugas_ibfk_1` FOREIGN KEY (`nis`) REFERENCES `b_siswa` (`nis`) ON DELETE CASCADE ON UPDATE CASCADE,
  ADD CONSTRAINT `b_nilai_tugas_ibfk_3` FOREIGN KEY (`kd_semester`) REFERENCES `b_semester` (`kd_semester`) ON DELETE CASCADE ON UPDATE CASCADE,
  ADD CONSTRAINT `b_nilai_tugas_ibfk_4` FOREIGN KEY (`kd_mapel`) REFERENCES `b_mapel` (`kd_mapel`) ON DELETE CASCADE ON UPDATE CASCADE;

--
-- Constraints for table `b_orangtua`
--
ALTER TABLE `b_orangtua`
  ADD CONSTRAINT `b_orangtua_ibfk_1` FOREIGN KEY (`nis`) REFERENCES `b_siswa` (`nis`) ON DELETE CASCADE ON UPDATE CASCADE;

--
-- Constraints for table `b_siswa`
--
ALTER TABLE `b_siswa`
  ADD CONSTRAINT `b_siswa_ibfk_1` FOREIGN KEY (`kd_jurusan`) REFERENCES `b_jurusan` (`kd_jurusan`) ON UPDATE CASCADE,
  ADD CONSTRAINT `b_siswa_ibfk_2` FOREIGN KEY (`kd_kelas`) REFERENCES `b_kelas` (`kd_kelas`) ON UPDATE CASCADE,
  ADD CONSTRAINT `b_siswa_ibfk_3` FOREIGN KEY (`kd_status_masuk`) REFERENCES `b_status_masuk` (`kd_status_masuk`) ON UPDATE CASCADE,
  ADD CONSTRAINT `b_siswa_ibfk_4` FOREIGN KEY (`kd_status_siswa`) REFERENCES `b_status_siswa` (`kd_status_siswa`) ON UPDATE CASCADE;

--
-- Constraints for table `b_siswa2`
--
ALTER TABLE `b_siswa2`
  ADD CONSTRAINT `b_siswa2_ibfk_1` FOREIGN KEY (`nis`) REFERENCES `b_siswa` (`nis`) ON DELETE CASCADE ON UPDATE CASCADE;

--
-- Constraints for table `b_tagihan`
--
ALTER TABLE `b_tagihan`
  ADD CONSTRAINT `b_tagihan_ibfk_1` FOREIGN KEY (`nis`) REFERENCES `b_siswa` (`nis`) ON DELETE CASCADE ON UPDATE CASCADE;

--
-- Constraints for table `c_guru`
--
ALTER TABLE `c_guru`
  ADD CONSTRAINT `c_guru_ibfk_1` FOREIGN KEY (`golongan_id`) REFERENCES `c_golongan` (`id`) ON UPDATE CASCADE,
  ADD CONSTRAINT `c_guru_ibfk_2` FOREIGN KEY (`status_id`) REFERENCES `c_status` (`id`) ON UPDATE CASCADE,
  ADD CONSTRAINT `c_guru_ibfk_3` FOREIGN KEY (`guru_mapel`) REFERENCES `b_mapel` (`kd_mapel`) ON DELETE CASCADE ON UPDATE CASCADE,
  ADD CONSTRAINT `c_guru_ibfk_4` FOREIGN KEY (`guru_kelas`) REFERENCES `b_kelas` (`kd_kelas`) ON DELETE CASCADE ON UPDATE CASCADE;

--
-- Constraints for table `u_access`
--
ALTER TABLE `u_access`
  ADD CONSTRAINT `u_access_ibfk_1` FOREIGN KEY (`role_id`) REFERENCES `u_role` (`id`) ON DELETE CASCADE ON UPDATE CASCADE,
  ADD CONSTRAINT `u_access_ibfk_2` FOREIGN KEY (`controllers_id`) REFERENCES `u_controllers` (`id`) ON DELETE CASCADE ON UPDATE CASCADE;

--
-- Constraints for table `u_user`
--
ALTER TABLE `u_user`
  ADD CONSTRAINT `u_user_ibfk_1` FOREIGN KEY (`active_id`) REFERENCES `u_active` (`id`) ON UPDATE CASCADE,
  ADD CONSTRAINT `u_user_ibfk_2` FOREIGN KEY (`role_id`) REFERENCES `u_role` (`id`) ON UPDATE CASCADE;

--
-- Constraints for table `u_user_logaktivitas`
--
ALTER TABLE `u_user_logaktivitas`
  ADD CONSTRAINT `u_user_logaktivitas_ibfk_1` FOREIGN KEY (`user_id`) REFERENCES `u_user` (`id`) ON DELETE CASCADE ON UPDATE CASCADE;
COMMIT;

/*!40101 SET CHARACTER_SET_CLIENT=@OLD_CHARACTER_SET_CLIENT */;
/*!40101 SET CHARACTER_SET_RESULTS=@OLD_CHARACTER_SET_RESULTS */;
/*!40101 SET COLLATION_CONNECTION=@OLD_COLLATION_CONNECTION */;
